{
  "multipart": [
    {
      "apply": { "model": "growthcraft:rope_knot_spruce" }
    },
    {
      "when": { "north": 1 },
      "apply": { "model": "growthcraft:rope_fence_side", "uvlock": false }
    },
    {
      "when": { "north": 2 },
      "apply": { "model": "minecraft:spruce_fence_side", "uvlock": true }
    },
    {
      "when": { "east": 1 },
      "apply": { "model": "growthcraft:rope_fence_side", "y": 90, "uvlock": false }
    },
    {
      "when": { "east": 2 },
      "apply": { "model": "minecraft:spruce_fence_side", "y": 90, "uvlock": true }
    },
    {
      "when": { "south": 1 },
      "apply": { "model": "growthcraft:rope_fence_side", "y": 180, "uvlock": false }
    },
    {
      "when": { "south": 2 },
      "apply": { "model": "minecraft:spruce_fence_side", "y": 180, "uvlock": true }
    },
    {
      "when": { "west": 1 },
      "apply": { "model": "growthcraft:rope_fence_side", "y": 270, "uvlock": false }
    },
    {
      "when": { "west": 2 },
      "apply": { "model": "minecraft:spruce_fence_side", "y": 270, "uvlock": true }
    }
  ]
}