{
	"credit": "Made with Blockbench, a free, modern block model editor by JannisX11",
	"textures": {
		"0": "growthcraft_hops:blocks/leaves",
		"particle": "growthcraft_hops:blocks/leaves_opaque"
	},
	"elements": [
		{
			"name": "cube",
			"from": [4, 0, 0],
			"to": [4, 16, 16],
			"faces": {
				"east": {"uv": [0, 0, 16, 16], "texture": "#0"},
				"west": {"uv": [0, 0, 16, 16], "texture": "#0"}
			},
			"type": "cube"
		},
		{
			"name": "cube",
			"from": [12, 0, 0],
			"to": [12, 16, 16],
			"faces": {
				"east": {"uv": [0, 0, 16, 16], "texture": "#0"},
				"west": {"uv": [0, 0, 16, 16], "texture": "#0"}
			},
			"type": "cube"
		},
		{
			"name": "cube",
			"from": [0, 0, 12],
			"to": [16, 16, 12],
			"faces": {
				"north": {"uv": [0, 0, 16, 16], "texture": "#0"},
				"south": {"uv": [0, 0, 16, 16], "texture": "#0"}
			},
			"type": "cube"
		},
		{
			"name": "cube",
			"from": [0, 0, 4],
			"to": [16, 16, 4],
			"faces": {
				"north": {"uv": [0, 0, 16, 16], "texture": "#0"},
				"south": {"uv": [0, 0, 16, 16], "texture": "#0"}
			},
			"type": "cube"
		}
	]
}