{
  "variants": {
    "facing=south,in_wall=false,open=false": { "model": "growthcraft_bamboo:bamboo_fence_gate_closed", "uvlock": true },
    "facing=west,in_wall=false,open=false":  { "model": "growthcraft_bamboo:bamboo_fence_gate_closed", "uvlock": true, "y": 90 },
    "facing=north,in_wall=false,open=false": { "model": "growthcraft_bamboo:bamboo_fence_gate_closed", "uvlock": true, "y": 180 },
    "facing=east,in_wall=false,open=false":  { "model": "growthcraft_bamboo:bamboo_fence_gate_closed", "uvlock": true, "y": 270 },
    "facing=south,in_wall=false,open=true": { "model": "growthcraft_bamboo:bamboo_fence_gate_open", "uvlock": true },
    "facing=west,in_wall=false,open=true":  { "model": "growthcraft_bamboo:bamboo_fence_gate_open", "uvlock": true, "y": 90 },
    "facing=north,in_wall=false,open=true": { "model": "growthcraft_bamboo:bamboo_fence_gate_open", "uvlock": true, "y": 180 },
    "facing=east,in_wall=false,open=true":  { "model": "growthcraft_bamboo:bamboo_fence_gate_open", "uvlock": true, "y": 270 },
    "facing=south,in_wall=true,open=false": { "model": "growthcraft_bamboo:bamboo_fence_gate_closed", "uvlock": true },
    "facing=west,in_wall=true,open=false":  { "model": "growthcraft_bamboo:bamboo_fence_gate_closed", "uvlock": true, "y": 90 },
    "facing=north,in_wall=true,open=false": { "model": "growthcraft_bamboo:bamboo_fence_gate_closed", "uvlock": true, "y": 180 },
    "facing=east,in_wall=true,open=false":  { "model": "growthcraft_bamboo:bamboo_fence_gate_closed", "uvlock": true, "y": 270 },
    "facing=south,in_wall=true,open=true": { "model": "growthcraft_bamboo:bamboo_fence_gate_open", "uvlock": true },
    "facing=west,in_wall=true,open=true":  { "model": "growthcraft_bamboo:bamboo_fence_gate_open", "uvlock": true, "y": 90 },
    "facing=north,in_wall=true,open=true": { "model": "growthcraft_bamboo:bamboo_fence_gate_open", "uvlock": true, "y": 180 },
    "facing=east,in_wall=true,open=true":  { "model": "growthcraft_bamboo:bamboo_fence_gate_open", "uvlock": true, "y": 270 }
  }
}