{
  "multipart": [
    {
      "apply": {
        "model": "growthcraft_bamboo:bamboo_fence_post"
      }
    },
    {
      "when": { "north": "true" },
      "apply": { "model": "growthcraft_bamboo:bamboo_fence_side", "y": 0, "uvlock": true }
    },
    {
      "when": { "east": "true" },
      "apply": { "model": "growthcraft_bamboo:bamboo_fence_side", "y": 90, "uvlock": true }
    },
    {
      "when": { "south": "true" },
      "apply": { "model": "growthcraft_bamboo:bamboo_fence_side", "y": 180, "uvlock": true }
    },
    {
      "when": { "west": "true" },
      "apply": { "model": "growthcraft_bamboo:bamboo_fence_side", "y": 270, "uvlock": true }
    }
  ]
}