{
	"credit": "Made with Blockbench, a free, modern block model editor by JannisX11. Model by Kisutora.",
	"ambientocclusion": false,
	"textures": {
		"0": "growthcraft_cellar:blocks/brew_kettle/brewkettle_top",
		"1": "growthcraft_cellar:blocks/brew_kettle/brewkettle_base",
		"2": "growthcraft_cellar:blocks/brew_kettle/brewkettle_feet",
		"3": "growthcraft_cellar:blocks/brew_kettle/brewkettle_side",
		"particle": "growthcraft_cellar:blocks/brew_kettle/brewkettle_base"
	},
	"elements": [
		{
			"name": "kettle_bottom",
			"from": [1, 3, 1],
			"to": [15, 4, 15],
			"faces": {
				"up": {
					"uv": [1, 1, 15, 15],
					"texture": "#1",
					"cullface": "up"
				},
				"down": {"uv": [1, 1, 15, 15], "texture": "#1"}
			},
			"type": "cube"
		},
		{
			"name": "kettle_side_n",
			"from": [1, 3, 0],
			"to": [15, 16, 1],
			"faces": {
				"north": {
					"uv": [1, 0, 15, 13],
					"texture": "#3",
					"cullface": "north"
				},
				"south": {"uv": [1, 0, 15, 13], "texture": "#3"},
				"up": {
					"uv": [1, 0, 15, 1],
					"texture": "#0",
					"cullface": "up"
				},
				"down": {"uv": [1, 15, 15, 16], "texture": "#1"}
			},
			"type": "cube"
		},
		{
			"name": "kettle_side_e",
			"from": [15, 3, 0],
			"to": [16, 16, 16],
			"faces": {
				"north": {
					"uv": [0, 0, 1, 13],
					"texture": "#3",
					"cullface": "north"
				},
				"east": {
					"uv": [0, 0, 16, 13],
					"texture": "#3",
					"cullface": "east"
				},
				"south": {
					"uv": [15, 0, 16, 13],
					"texture": "#3",
					"cullface": "south"
				},
				"west": {"uv": [0, 0, 16, 13], "texture": "#3"},
				"up": {
					"uv": [15, 0, 16, 16],
					"texture": "#0",
					"cullface": "up"
				},
				"down": {"uv": [15, 0, 16, 16], "texture": "#1"}
			},
			"type": "cube"
		},
		{
			"name": "kettle_side_s",
			"from": [1, 3, 15],
			"to": [15, 16, 16],
			"faces": {
				"north": {"uv": [1, 0, 15, 13], "texture": "#3"},
				"south": {
					"uv": [1, 0, 15, 13],
					"texture": "#3",
					"cullface": "south"
				},
				"up": {
					"uv": [1, 15, 15, 16],
					"texture": "#0",
					"cullface": "up"
				},
				"down": {"uv": [1, 0, 15, 1], "texture": "#1"}
			},
			"type": "cube"
		},
		{
			"name": "kettle_side_w",
			"from": [0, 3, 0],
			"to": [1, 16, 16],
			"faces": {
				"north": {
					"uv": [15, 0, 16, 13],
					"texture": "#3",
					"cullface": "north"
				},
				"east": {"uv": [0, 0, 16, 13], "texture": "#3"},
				"south": {
					"uv": [0, 0, 1, 13],
					"texture": "#3",
					"cullface": "south"
				},
				"west": {
					"uv": [0, 0, 16, 13],
					"texture": "#3",
					"cullface": "west"
				},
				"up": {
					"uv": [0, 0, 1, 16],
					"texture": "#0",
					"cullface": "up"
				},
				"down": {"uv": [0, 0, 1, 16], "texture": "#1"}
			},
			"type": "cube"
		},
		{
			"name": "kettle_leg_r_n",
			"from": [0, 0, 0],
			"to": [4, 3, 2],
			"faces": {
				"north": {"uv": [12, 13, 16, 16], "texture": "#3"},
				"east": {"uv": [14, 13, 16, 16], "texture": "#3"},
				"south": {"uv": [0, 13, 4, 16], "texture": "#3"},
				"west": {"uv": [0, 13, 2, 16], "texture": "#3"},
				"down": {"uv": [0, 14, 4, 16], "texture": "#2"}
			},
			"type": "cube"
		},
		{
			"name": "kettle_leg_l_n",
			"from": [12, 0, 0],
			"to": [16, 3, 2],
			"faces": {
				"north": {"uv": [0, 13, 4, 16], "texture": "#3"},
				"east": {"uv": [14, 13, 16, 16], "texture": "#3"},
				"south": {"uv": [12, 13, 16, 16], "texture": "#3"},
				"west": {"uv": [0, 13, 2, 16], "texture": "#3"},
				"down": {"uv": [12, 14, 16, 16], "texture": "#2"}
			},
			"type": "cube"
		},
		{
			"name": "kettle_leg_r_s",
			"from": [12, 0, 14],
			"to": [16, 3, 16],
			"faces": {
				"north": {"uv": [0, 13, 4, 16], "texture": "#3"},
				"east": {"uv": [0, 13, 2, 16], "texture": "#3"},
				"south": {"uv": [12, 13, 16, 16], "texture": "#3"},
				"west": {"uv": [14, 13, 16, 16], "texture": "#3"},
				"down": {"uv": [12, 0, 16, 2], "texture": "#2"}
			},
			"type": "cube"
		},
		{
			"name": "kettle_leg_l_s",
			"from": [0, 0, 14],
			"to": [4, 3, 16],
			"faces": {
				"north": {"uv": [12, 13, 16, 16], "texture": "#3"},
				"east": {"uv": [0, 13, 2, 16], "texture": "#3"},
				"south": {"uv": [0, 13, 4, 16], "texture": "#3"},
				"west": {"uv": [14, 13, 16, 16], "texture": "#3"},
				"down": {"uv": [0, 0, 4, 2], "texture": "#2"}
			},
			"type": "cube"
		},
		{
			"name": "kettle_leg_r_e",
			"from": [14, 0, 2],
			"to": [16, 3, 4],
			"faces": {
				"east": {"uv": [12, 13, 14, 16], "texture": "#3"},
				"south": {"uv": [14, 13, 16, 16], "texture": "#3"},
				"west": {"uv": [2, 13, 4, 16], "texture": "#3"},
				"down": {"uv": [14, 12, 16, 14], "texture": "#2"}
			},
			"type": "cube"
		},
		{
			"name": "kettle_leg_l_e",
			"from": [14, 0, 12],
			"to": [16, 3, 14],
			"faces": {
				"north": {"uv": [0, 13, 2, 16], "texture": "#3"},
				"east": {"uv": [2, 13, 4, 16], "texture": "#3"},
				"west": {"uv": [12, 13, 14, 16], "texture": "#3"},
				"down": {"uv": [14, 2, 16, 4], "texture": "#2"}
			},
			"type": "cube"
		},
		{
			"name": "kettle_leg_r_w",
			"from": [0, 0, 12],
			"to": [2, 3, 14],
			"faces": {
				"north": {"uv": [14, 13, 16, 16], "texture": "#3"},
				"east": {"uv": [2, 13, 4, 16], "texture": "#3"},
				"west": {"uv": [12, 13, 14, 16], "texture": "#3"},
				"down": {"uv": [0, 2, 2, 4], "texture": "#2"}
			},
			"type": "cube"
		},
		{
			"name": "kettle_leg_l_w",
			"from": [0, 0, 2],
			"to": [2, 3, 4],
			"faces": {
				"east": {"uv": [12, 13, 14, 16], "texture": "#3"},
				"south": {"uv": [0, 13, 2, 16], "texture": "#3"},
				"west": {"uv": [2, 13, 4, 16], "texture": "#3"},
				"down": {"uv": [0, 12, 2, 14], "texture": "#2"}
			},
			"type": "cube"
		}
	],
	"display": {
		"gui": {
			"rotation": [30, 225, 0],
			"translation": [0, 0, 0],
			"scale": [0.625, 0.625, 0.625]
		},
		"ground": {
			"rotation": [0, 0, 0],
			"translation": [0, 3, 0],
			"scale": [0.25, 0.25, 0.25]
		},
		"fixed": {
			"rotation": [0, 0, 0],
			"translation": [0, 0, 0],
			"scale": [0.5, 0.5, 0.5]
		},
		"thirdperson_righthand": {
			"rotation": [75, 45, 0],
			"translation": [0, 2.5, 0],
			"scale": [0.375, 0.375, 0.375]
		},
		"firstperson_righthand": {
			"rotation": [0, 45, 0],
			"translation": [0, 0, 0],
			"scale": [0.4, 0.4, 0.4]
		},
		"firstperson_lefthand": {
			"rotation": [0, 225, 0],
			"translation": [0, 0, 0],
			"scale": [0.4, 0.4, 0.4]
		}
	}
}