{
  "parent": "block/cube_column",
  "textures": {
    "end": "growthcraft_cellar:blocks/cork_log/cork_log_grain",
    "side": "growthcraft_cellar:blocks/cork_log/cork_log_grain",
    "particle": "growthcraft_cellar:blocks/cork_log/cork_log_grain"
  },
  "elements": [
    {
      "from": [1, 0, 1],
      "to": [15, 16, 15],
      "faces": {
        "north": {"uv": [1, 0, 15, 16], "texture": "#side"},
        "east": {"uv": [1, 0, 15, 16], "texture": "#side"},
        "south": {"uv": [1, 0, 15, 16], "texture": "#side"},
        "west": {"uv": [1, 0, 15, 16], "texture": "#side"},
        "up": {"uv": [1, 1, 15, 15], "texture": "#end"},
        "down": {"uv": [1, 1, 15, 15], "texture": "#end"}
      }
    }
  ]
}