{
	"credit": "Made with Blockbench, a free, modern block model editor by JannisX11. Model by Kisutora.",
	"textures": {
		"0": "growthcraft_cellar:blocks/culture_jar",
		"particle": "growthcraft_cellar:blocks/culture_jar"
	},
	"elements": [
		{
			"name": "bottom",
			"from": [6, 0, 6],
			"to": [10, 1, 10],
			"faces": {
				"down": {"uv": [6, 5, 10, 9], "texture": "#0"}
			}
		},
		{
			"name": "side_n",
			"from": [6, 0, 5],
			"to": [10, 5, 6],
			"faces": {
				"north": {"uv": [6, 11, 10, 16], "texture": "#0"},
				"east": {"uv": [10, 11, 11, 16], "texture": "#0"},
				"west": {"uv": [5, 11, 6, 16], "texture": "#0"},
				"up": {"uv": [6, 4, 10, 5], "texture": "#0"},
				"down": {"uv": [6, 9, 10, 10], "texture": "#0"}
			}
		},
		{
			"name": "side_s",
			"from": [6, 0, 10],
			"to": [10, 5, 11],
			"faces": {
				"east": {"uv": [5, 11, 6, 16], "texture": "#0"},
				"south": {"uv": [6, 11, 10, 16], "texture": "#0"},
				"west": {"uv": [10, 11, 11, 16], "texture": "#0"},
				"up": {"uv": [6, 9, 10, 10], "texture": "#0"},
				"down": {"uv": [6, 4, 10, 5], "texture": "#0"}
			}
		},
		{
			"name": "side_w",
			"from": [5, 0, 6],
			"to": [6, 5, 10],
			"faces": {
				"north": {"uv": [10, 11, 11, 16], "texture": "#0"},
				"south": {"uv": [5, 11, 6, 16], "texture": "#0"},
				"west": {"uv": [6, 11, 10, 16], "texture": "#0"},
				"up": {"uv": [5, 5, 6, 9], "texture": "#0"},
				"down": {"uv": [5, 5, 6, 9], "texture": "#0"}
			}
		},
		{
			"name": "side_e",
			"from": [10, 0, 6],
			"to": [11, 5, 10],
			"faces": {
				"north": {"uv": [5, 11, 6, 16], "texture": "#0"},
				"east": {"uv": [6, 11, 10, 16], "texture": "#0"},
				"south": {"uv": [10, 11, 11, 16], "texture": "#0"},
				"up": {"uv": [10, 5, 11, 9], "texture": "#0"},
				"down": {"uv": [10, 5, 11, 9], "texture": "#0"}
			}
		},
		{
			"name": "top_w",
			"from": [6, 5, 6],
			"to": [7, 6, 10],
			"faces": {
				"north": {"uv": [9, 10, 10, 11], "texture": "#0"},
				"south": {"uv": [6, 10, 7, 11], "texture": "#0"},
				"west": {"uv": [6, 10, 10, 11], "texture": "#0"},
				"up": {"uv": [6, 5, 7, 9], "texture": "#0"}
			}
		},
		{
			"name": "top_e",
			"from": [9, 5, 6],
			"to": [10, 6, 10],
			"faces": {
				"north": {"uv": [6, 10, 7, 11], "texture": "#0"},
				"east": {"uv": [6, 10, 10, 11], "texture": "#0"},
				"south": {"uv": [9, 10, 10, 11], "texture": "#0"},
				"up": {"uv": [9, 5, 10, 9], "texture": "#0"}
			}
		},
		{
			"name": "top_n",
			"from": [7, 5, 6],
			"to": [9, 6, 7],
			"faces": {
				"north": {"uv": [7, 10, 9, 11], "texture": "#0"},
				"up": {"uv": [7, 5, 9, 6], "texture": "#0"}
			}
		},
		{
			"name": "top_s",
			"from": [7, 5, 9],
			"to": [9, 6, 10],
			"faces": {
				"south": {"uv": [7, 10, 9, 11], "texture": "#0"},
				"up": {"uv": [7, 8, 9, 9], "texture": "#0"}
			}
		},
		{
			"name": "cork",
			"from": [7, 6, 7],
			"to": [9, 8, 9],
			"faces": {
				"north": {"uv": [0, 2, 2, 4], "texture": "#0"},
				"east": {"uv": [2, 0, 4, 2], "texture": "#0"},
				"south": {"uv": [0, 2, 2, 4], "texture": "#0"},
				"west": {"uv": [2, 0, 4, 2], "texture": "#0"},
				"up": {"uv": [0, 0, 2, 2], "texture": "#0"},
				"down": {"uv": [0, 0, 2, 2], "texture": "#0"}
			}
		}
	],
	"display": {
		"gui": {
			"rotation": [30, 225, 0],
			"translation": [0, 0, 0],
			"scale": [0.625, 0.625, 0.625]
		},
		"ground": {
			"rotation": [0, 0, 0],
			"translation": [0, 3, 0],
			"scale": [0.25, 0.25, 0.25]
		},
		"fixed": {
			"rotation": [0, 0, 0],
			"translation": [0, 0, 0],
			"scale": [0.5, 0.5, 0.5]
		},
		"thirdperson_righthand": {
			"rotation": [75, 45, 0],
			"translation": [0, 2.5, 0],
			"scale": [0.375, 0.375, 0.375]
		},
		"firstperson_righthand": {
			"rotation": [0, 45, 0],
			"translation": [0, 0, 0],
			"scale": [0.4, 0.4, 0.4]
		},
		"firstperson_lefthand": {
			"rotation": [0, 225, 0],
			"translation": [0, 0, 0],
			"scale": [0.4, 0.4, 0.4]
		}
	}
}