{
	"credit": "Made with Blockbench, a free, modern block model editor by JannisX11",
	"textures": {
		"0": "growthcraft_cellar:blocks/ferment_barrel/bottom",
		"1": "growthcraft_cellar:blocks/ferment_barrel/side",
		"2": "growthcraft_cellar:blocks/ferment_barrel/side_alt",
		"3": "growthcraft_cellar:blocks/ferment_barrel/top",
		"particle": "growthcraft_cellar:blocks/ferment_barrel/bottom"
	},
	"elements": [
		{
			"name": "cube",
			"from": [11, 2, 0],
			"to": [13, 3, 4],
			"faces": {
				"north": {"uv": [2, 0, 4, 1], "texture": "#2"},
				"east": {"uv": [0, 13, 4, 14], "texture": "#1"},
				"south": {"uv": [2, 0, 4, 1], "texture": "#2"},
				"west": {"uv": [0, 11, 4, 12], "texture": "#1"},
				"up": {
					"uv": [0, 3, 4, 5],
					"texture": "#1",
					"rotation": 270
				},
				"down": {
					"uv": [0, 11, 4, 13],
					"texture": "#1",
					"rotation": 90
				}
			},
			"rotation": {
				"origin": [14, 10, 0],
				"axis": "y",
				"angle": 0
			},
			"type": "cube"
		},
		{
			"name": "cube",
			"from": [0, 5, 4],
			"to": [1, 11, 12],
			"faces": {
				"north": {
					"uv": [6, 0, 12, 1],
					"texture": "#2",
					"rotation": 270
				},
				"east": {
					"uv": [0, 0, 8, 6],
					"rotation": 180,
					"texture": "#missing"
				},
				"south": {
					"uv": [5, 0, 11, 1],
					"texture": "#2",
					"rotation": 90
				},
				"west": {"uv": [4, 5, 12, 11], "texture": "#1"},
				"up": {
					"uv": [4, 15, 12, 16],
					"texture": "#1",
					"rotation": 90
				},
				"down": {
					"uv": [4, 0, 12, 1],
					"texture": "#1",
					"rotation": 90
				}
			},
			"rotation": {
				"origin": [8, 9, 2],
				"axis": "x",
				"angle": 0
			},
			"type": "cube"
		},
		{
			"name": "east_outer_1",
			"from": [15, 5, 4],
			"to": [16, 11, 12],
			"faces": {
				"north": {
					"uv": [5, 0, 11, 1],
					"texture": "#2",
					"rotation": 90
				},
				"east": {
					"uv": [4, 5, 12, 11],
					"texture": "#1",
					"rotation": 180
				},
				"south": {
					"uv": [6, 0, 12, 1],
					"texture": "#2",
					"rotation": 270
				},
				"west": {"uv": [0, 0, 8, 6], "texture": "#missing"},
				"up": {
					"uv": [4, 0, 12, 1],
					"texture": "#1",
					"rotation": 270
				},
				"down": {
					"uv": [4, 11, 12, 12],
					"texture": "#1",
					"rotation": 270
				}
			},
			"rotation": {
				"origin": [8, 7, 3],
				"axis": "x",
				"angle": 0
			},
			"type": "cube"
		},
		{
			"name": "cube",
			"from": [5, 14, 0],
			"to": [11, 15, 4],
			"faces": {
				"north": {"uv": [2, 0, 8, 1], "texture": "#2"},
				"east": {"uv": [0, 1, 4, 2], "texture": "#1"},
				"south": {"uv": [2, 0, 8, 1], "texture": "#2"},
				"west": {"uv": [0, 1, 4, 2], "texture": "#1"},
				"up": {
					"uv": [0, 5, 4, 11],
					"texture": "#1",
					"rotation": 90
				},
				"down": {
					"uv": [0, 4, 4, 10],
					"texture": "#1",
					"rotation": 270
				}
			},
			"rotation": {
				"origin": [8, 7, 0],
				"axis": "y",
				"angle": 0
			},
			"type": "cube"
		},
		{
			"name": "east_outer_2",
			"from": [14, 3, 4],
			"to": [15, 13, 12],
			"faces": {
				"north": {
					"uv": [4, 0, 14, 1],
					"texture": "#2",
					"rotation": 90
				},
				"east": {
					"uv": [4, 3, 12, 13],
					"texture": "#1",
					"rotation": 180
				},
				"south": {
					"uv": [5, 0, 15, 1],
					"texture": "#2",
					"rotation": 270
				},
				"west": {
					"uv": [0, 0, 8, 10],
					"texture": "#missing"
				},
				"up": {
					"uv": [4, 1, 12, 2],
					"texture": "#1",
					"rotation": 270
				},
				"down": {
					"uv": [4, 12, 12, 13],
					"texture": "#1",
					"rotation": 270
				}
			},
			"rotation": {
				"origin": [7, 8, 3],
				"axis": "x",
				"angle": 0
			},
			"type": "cube"
		},
		{
			"name": "east_outer_3",
			"from": [13, 2, 4],
			"to": [14, 14, 12],
			"faces": {
				"north": {
					"uv": [3, 0, 15, 1],
					"texture": "#2",
					"rotation": 90
				},
				"east": {
					"uv": [4, 2, 12, 14],
					"texture": "#1",
					"rotation": 180
				},
				"south": {
					"uv": [4, 0, 16, 1],
					"texture": "#2",
					"rotation": 270
				},
				"west": {
					"uv": [0, 0, 8, 12],
					"texture": "#missing"
				},
				"up": {
					"uv": [4, 2, 12, 3],
					"texture": "#1",
					"rotation": 270
				},
				"down": {
					"uv": [4, 13, 12, 14],
					"texture": "#1",
					"rotation": 270
				}
			},
			"rotation": {
				"origin": [6, 9, 3],
				"axis": "x",
				"angle": 0
			},
			"type": "cube"
		},
		{
			"name": "cube",
			"from": [3, 14, 4],
			"to": [13, 15, 12],
			"faces": {
				"north": {"uv": [1, 0, 11, 1], "texture": "#2"},
				"east": {"uv": [4, 1, 12, 2], "texture": "#1"},
				"south": {"uv": [1, 0, 11, 1], "texture": "#2"},
				"west": {"uv": [4, 1, 12, 2], "texture": "#1"},
				"up": {
					"uv": [4, 3, 12, 13],
					"texture": "#1",
					"rotation": 90
				},
				"down": {
					"uv": [0, 0, 8, 10],
					"rotation": 270,
					"texture": "#missing"
				}
			},
			"rotation": {
				"origin": [8, 7, 8],
				"axis": "y",
				"angle": 0
			},
			"type": "cube"
		},
		{
			"name": "cube",
			"from": [1, 3, 4],
			"to": [2, 13, 12],
			"faces": {
				"north": {
					"uv": [5, 0, 15, 1],
					"texture": "#2",
					"rotation": 270
				},
				"east": {
					"uv": [0, 0, 8, 10],
					"rotation": 180,
					"texture": "#missing"
				},
				"south": {
					"uv": [4, 0, 14, 1],
					"texture": "#2",
					"rotation": 90
				},
				"west": {"uv": [4, 3, 12, 13], "texture": "#1"},
				"up": {
					"uv": [4, 14, 12, 15],
					"texture": "#1",
					"rotation": 90
				},
				"down": {
					"uv": [4, 1, 12, 2],
					"texture": "#1",
					"rotation": 90
				}
			},
			"rotation": {
				"origin": [9, 9, 2],
				"axis": "x",
				"angle": 0
			},
			"type": "cube"
		},
		{
			"name": "cube",
			"from": [2, 2, 4],
			"to": [3, 14, 12],
			"faces": {
				"north": {
					"uv": [4, 0, 16, 1],
					"texture": "#2",
					"rotation": 270
				},
				"east": {
					"uv": [0, 0, 8, 12],
					"rotation": 180,
					"texture": "#missing"
				},
				"south": {
					"uv": [3, 0, 15, 1],
					"texture": "#2",
					"rotation": 90
				},
				"west": {"uv": [4, 2, 12, 14], "texture": "#1"},
				"up": {
					"uv": [4, 13, 12, 14],
					"texture": "#1",
					"rotation": 90
				},
				"down": {
					"uv": [4, 2, 12, 3],
					"texture": "#1",
					"rotation": 90
				}
			},
			"rotation": {
				"origin": [10, 9, 2],
				"axis": "x",
				"angle": 0
			},
			"type": "cube"
		},
		{
			"name": "cube",
			"from": [3, 1, 4],
			"to": [13, 2, 12],
			"faces": {
				"north": {"uv": [1, 0, 11, 1], "texture": "#2"},
				"east": {"uv": [4, 14, 12, 15], "texture": "#1"},
				"south": {"uv": [1, 0, 11, 1], "texture": "#2"},
				"west": {"uv": [4, 14, 12, 15], "texture": "#1"},
				"up": {
					"uv": [0, 0, 8, 10],
					"rotation": 270,
					"texture": "#missing"
				},
				"down": {
					"uv": [4, 3, 12, 13],
					"texture": "#1",
					"rotation": 90
				}
			},
			"rotation": {
				"origin": [8, 9, 8],
				"axis": "y",
				"angle": 0
			},
			"type": "cube"
		},
		{
			"name": "cube",
			"from": [1, 5, 0],
			"to": [2, 11, 4],
			"faces": {
				"north": {
					"uv": [6, 0, 12, 1],
					"texture": "#2",
					"rotation": 270
				},
				"east": {
					"uv": [0, 5, 4, 11],
					"texture": "#1",
					"rotation": 180
				},
				"south": {
					"uv": [5, 0, 11, 1],
					"texture": "#2",
					"rotation": 90
				},
				"west": {"uv": [0, 5, 4, 11], "texture": "#1"},
				"up": {
					"uv": [0, 14, 4, 15],
					"texture": "#1",
					"rotation": 90
				},
				"down": {
					"uv": [0, 1, 4, 2],
					"texture": "#1",
					"rotation": 90
				}
			},
			"rotation": {
				"origin": [9, 9, -6],
				"axis": "x",
				"angle": 0
			},
			"type": "cube"
		},
		{
			"name": "cube",
			"from": [2, 11, 0],
			"to": [3, 13, 4],
			"faces": {
				"north": {
					"uv": [6, 0, 8, 1],
					"texture": "#2",
					"rotation": 270
				},
				"east": {
					"uv": [0, 3, 4, 5],
					"texture": "#1",
					"rotation": 180
				},
				"south": {
					"uv": [5, 0, 7, 1],
					"texture": "#2",
					"rotation": 90
				},
				"west": {"uv": [0, 3, 4, 5], "texture": "#1"},
				"up": {
					"uv": [0, 13, 4, 14],
					"texture": "#1",
					"rotation": 90
				},
				"down": {
					"uv": [4, 11, 8, 12],
					"texture": "#1",
					"rotation": 90
				}
			},
			"rotation": {
				"origin": [10, 10, -6],
				"axis": "x",
				"angle": 0
			},
			"type": "cube"
		},
		{
			"name": "cube",
			"from": [2, 3, 0],
			"to": [3, 5, 4],
			"faces": {
				"north": {
					"uv": [6, 0, 8, 1],
					"texture": "#2",
					"rotation": 270
				},
				"east": {
					"uv": [0, 11, 4, 13],
					"texture": "#1",
					"rotation": 180
				},
				"south": {
					"uv": [5, 0, 7, 1],
					"texture": "#2",
					"rotation": 90
				},
				"west": {"uv": [0, 11, 4, 13], "texture": "#1"},
				"up": {
					"uv": [4, 4, 8, 5],
					"texture": "#1",
					"rotation": 90
				},
				"down": {
					"uv": [0, 2, 4, 3],
					"texture": "#1",
					"rotation": 90
				}
			},
			"rotation": {
				"origin": [10, 2, -6],
				"axis": "x",
				"angle": 0
			},
			"type": "cube"
		},
		{
			"name": "east_outer_2",
			"from": [14, 5, 0],
			"to": [15, 11, 4],
			"faces": {
				"north": {
					"uv": [5, 0, 11, 1],
					"texture": "#2",
					"rotation": 90
				},
				"east": {
					"uv": [0, 5, 4, 11],
					"texture": "#1",
					"rotation": 180
				},
				"south": {
					"uv": [6, 0, 12, 1],
					"texture": "#2",
					"rotation": 270
				},
				"west": {"uv": [0, 5, 4, 11], "texture": "#1"},
				"up": {
					"uv": [0, 1, 4, 2],
					"texture": "#1",
					"rotation": 270
				},
				"down": {
					"uv": [0, 14, 4, 15],
					"texture": "#1",
					"rotation": 270
				}
			},
			"rotation": {
				"origin": [7, 7, -5],
				"axis": "x",
				"angle": 0
			},
			"type": "cube"
		},
		{
			"name": "east_outer_3",
			"from": [13, 11, 0],
			"to": [14, 13, 4],
			"faces": {
				"north": {
					"uv": [5, 0, 7, 1],
					"texture": "#2",
					"rotation": 90
				},
				"east": {
					"uv": [0, 4, 4, 6],
					"texture": "#1",
					"rotation": 180
				},
				"south": {
					"uv": [6, 0, 8, 1],
					"texture": "#2",
					"rotation": 270
				},
				"west": {"uv": [0, 3, 4, 5], "texture": "#1"},
				"up": {
					"uv": [0, 2, 4, 3],
					"texture": "#1",
					"rotation": 270
				},
				"down": {
					"uv": [0, 11, 4, 12],
					"texture": "#1",
					"rotation": 270
				}
			},
			"rotation": {
				"origin": [6, 9, -5],
				"axis": "x",
				"angle": 0
			},
			"type": "cube"
		},
		{
			"name": "east_outer_4",
			"from": [13, 3, 0],
			"to": [14, 5, 4],
			"faces": {
				"north": {
					"uv": [5, 0, 7, 1],
					"texture": "#2",
					"rotation": 90
				},
				"east": {
					"uv": [0, 11, 4, 13],
					"texture": "#1",
					"rotation": 180
				},
				"south": {
					"uv": [6, 0, 8, 1],
					"texture": "#2",
					"rotation": 270
				},
				"west": {"uv": [0, 11, 4, 13], "texture": "#1"},
				"up": {
					"uv": [0, 4, 4, 5],
					"texture": "#1",
					"rotation": 270
				},
				"down": {
					"uv": [0, 13, 4, 14],
					"texture": "#1",
					"rotation": 270
				}
			},
			"rotation": {
				"origin": [6, 1, -5],
				"axis": "x",
				"angle": 0
			},
			"type": "cube"
		},
		{
			"name": "cube",
			"from": [5, 15, 4],
			"to": [11, 16, 12],
			"faces": {
				"north": {"uv": [2, 0, 8, 1], "texture": "#2"},
				"east": {"uv": [4, 0, 12, 1], "texture": "#1"},
				"south": {"uv": [2, 0, 8, 1], "texture": "#2"},
				"west": {"uv": [4, 0, 12, 1], "texture": "#1"},
				"up": {
					"uv": [4, 5, 12, 11],
					"texture": "#1",
					"rotation": 90
				},
				"down": {
					"uv": [0, 0, 8, 6],
					"rotation": 270,
					"texture": "#missing"
				}
			},
			"rotation": {
				"origin": [8, 8, 8],
				"axis": "y",
				"angle": 0
			},
			"type": "cube"
		},
		{
			"name": "cube",
			"from": [11, 13, 0],
			"to": [13, 14, 4],
			"faces": {
				"north": {"uv": [2, 0, 4, 1], "texture": "#2"},
				"east": {"uv": [0, 2, 4, 3], "texture": "#1"},
				"south": {"uv": [2, 0, 4, 1], "texture": "#2"},
				"west": {"uv": [0, 3, 4, 4], "texture": "#1"},
				"up": {
					"uv": [0, 3, 4, 5],
					"texture": "#1",
					"rotation": 90
				},
				"down": {
					"uv": [0, 2, 4, 4],
					"texture": "#1",
					"rotation": 270
				}
			},
			"rotation": {
				"origin": [10, 6, 0],
				"axis": "y",
				"angle": 0
			},
			"type": "cube"
		},
		{
			"name": "cube",
			"from": [3, 13, 0],
			"to": [5, 14, 4],
			"faces": {
				"north": {"uv": [2, 0, 4, 1], "texture": "#2"},
				"east": {"uv": [0, 10, 4, 11], "texture": "#1"},
				"south": {"uv": [2, 0, 4, 1], "texture": "#2"},
				"west": {"uv": [0, 2, 4, 3], "texture": "#1"},
				"up": {
					"uv": [0, 11, 4, 13],
					"texture": "#1",
					"rotation": 90
				},
				"down": {
					"uv": [0, 10, 4, 12],
					"texture": "#1",
					"rotation": 270
				}
			},
			"rotation": {
				"origin": [2, 6, 0],
				"axis": "y",
				"angle": 0
			},
			"type": "cube"
		},
		{
			"name": "cube",
			"from": [5, 0, 4],
			"to": [11, 1, 12],
			"faces": {
				"north": {"uv": [2, 0, 8, 1], "texture": "#2"},
				"east": {"uv": [4, 15, 12, 16], "texture": "#1"},
				"south": {"uv": [2, 0, 8, 1], "texture": "#2"},
				"west": {"uv": [4, 15, 12, 16], "texture": "#1"},
				"up": {
					"uv": [0, 0, 8, 6],
					"rotation": 270,
					"texture": "#missing"
				},
				"down": {
					"uv": [4, 5, 12, 11],
					"texture": "#1",
					"rotation": 90
				}
			},
			"rotation": {
				"origin": [8, 8, 8],
				"axis": "y",
				"angle": 0
			},
			"type": "cube"
		},
		{
			"name": "cube",
			"from": [5, 1, 0],
			"to": [11, 2, 4],
			"faces": {
				"north": {"uv": [2, 0, 8, 1], "texture": "#2"},
				"east": {"uv": [0, 14, 4, 15], "texture": "#1"},
				"south": {"uv": [2, 0, 8, 1], "texture": "#2"},
				"west": {"uv": [0, 14, 4, 15], "texture": "#1"},
				"up": {
					"uv": [0, 5, 4, 11],
					"texture": "#1",
					"rotation": 270
				},
				"down": {
					"uv": [0, 5, 4, 11],
					"texture": "#1",
					"rotation": 90
				}
			},
			"rotation": {
				"origin": [8, 9, 0],
				"axis": "y",
				"angle": 0
			},
			"type": "cube"
		},
		{
			"name": "cube",
			"from": [3, 2, 0],
			"to": [5, 3, 4],
			"faces": {
				"north": {"uv": [2, 0, 4, 1], "texture": "#2"},
				"east": {"uv": [0, 4, 4, 5], "texture": "#1"},
				"south": {"uv": [2, 0, 4, 1], "texture": "#2"},
				"west": {"uv": [0, 13, 4, 14], "texture": "#1"},
				"up": {
					"uv": [0, 11, 4, 13],
					"texture": "#1",
					"rotation": 270
				},
				"down": {
					"uv": [0, 2, 4, 4],
					"texture": "#1",
					"rotation": 90
				}
			},
			"rotation": {
				"origin": [6, 10, 0],
				"axis": "y",
				"angle": 0
			},
			"type": "cube"
		},
		{
			"name": "cube",
			"from": [3, 3, 1],
			"to": [13, 13, 2],
			"faces": {
				"north": {"uv": [3, 3, 13, 13], "texture": "#3"},
				"east": {
					"uv": [0, 0, 1, 10],
					"texture": "#missing"
				},
				"south": {
					"uv": [0, 0, 10, 10],
					"texture": "#missing"
				},
				"west": {
					"uv": [0, 0, 1, 10],
					"texture": "#missing"
				},
				"up": {"uv": [0, 0, 10, 1], "texture": "#missing"},
				"down": {"uv": [0, 0, 10, 1], "texture": "#missing"}
			},
			"type": "cube"
		},
		{
			"name": "cube",
			"from": [5, 2, 1],
			"to": [11, 3, 2],
			"faces": {
				"north": {"uv": [5, 13, 11, 14], "texture": "#3"},
				"east": {"uv": [0, 0, 1, 1], "texture": "#missing"},
				"south": {
					"uv": [0, 0, 6, 1],
					"texture": "#missing"
				},
				"west": {"uv": [0, 0, 1, 1], "texture": "#missing"},
				"up": {"uv": [0, 0, 6, 1], "texture": "#missing"},
				"down": {"uv": [0, 0, 6, 1], "texture": "#missing"}
			},
			"type": "cube"
		},
		{
			"name": "cube",
			"from": [5, 13, 1],
			"to": [11, 14, 2],
			"faces": {
				"north": {"uv": [5, 2, 11, 3], "texture": "#3"},
				"east": {"uv": [0, 0, 1, 1], "texture": "#missing"},
				"south": {
					"uv": [0, 0, 6, 1],
					"texture": "#missing"
				},
				"west": {"uv": [0, 0, 1, 1], "texture": "#missing"},
				"up": {"uv": [0, 0, 6, 1], "texture": "#missing"},
				"down": {"uv": [0, 0, 6, 1], "texture": "#missing"}
			},
			"type": "cube"
		},
		{
			"name": "cube",
			"from": [2, 5, 1],
			"to": [3, 11, 2],
			"faces": {
				"north": {"uv": [13, 5, 14, 11], "texture": "#3"},
				"east": {"uv": [0, 0, 1, 6], "texture": "#missing"},
				"south": {
					"uv": [0, 0, 1, 6],
					"texture": "#missing"
				},
				"west": {"uv": [0, 0, 1, 6], "texture": "#missing"},
				"up": {"uv": [0, 0, 1, 1], "texture": "#missing"},
				"down": {"uv": [0, 0, 1, 1], "texture": "#missing"}
			},
			"type": "cube"
		},
		{
			"name": "cube",
			"from": [13, 5, 1],
			"to": [14, 11, 2],
			"faces": {
				"north": {"uv": [2, 5, 3, 11], "texture": "#3"},
				"east": {"uv": [0, 0, 1, 6], "texture": "#missing"},
				"south": {
					"uv": [0, 0, 1, 6],
					"texture": "#missing"
				},
				"west": {"uv": [0, 0, 1, 6], "texture": "#missing"},
				"up": {"uv": [0, 0, 1, 1], "texture": "#missing"},
				"down": {"uv": [0, 0, 1, 1], "texture": "#missing"}
			},
			"type": "cube"
		},
		{
			"name": "cube",
			"from": [1, 5, 12],
			"to": [2, 11, 16],
			"faces": {
				"north": {
					"uv": [6, 0, 12, 1],
					"texture": "#2",
					"rotation": 270
				},
				"east": {
					"uv": [12, 5, 16, 11],
					"texture": "#1",
					"rotation": 180
				},
				"south": {
					"uv": [5, 0, 11, 1],
					"texture": "#2",
					"rotation": 90
				},
				"west": {"uv": [12, 5, 16, 11], "texture": "#1"},
				"up": {
					"uv": [12, 14, 16, 15],
					"texture": "#1",
					"rotation": 90
				},
				"down": {
					"uv": [12, 1, 16, 2],
					"texture": "#1",
					"rotation": 90
				}
			},
			"rotation": {
				"origin": [9, 9, 6],
				"axis": "x",
				"angle": 0
			},
			"type": "cube"
		},
		{
			"name": "cube",
			"from": [2, 11, 12],
			"to": [3, 13, 16],
			"faces": {
				"north": {
					"uv": [6, 0, 8, 1],
					"texture": "#2",
					"rotation": 270
				},
				"east": {
					"uv": [12, 3, 16, 5],
					"texture": "#1",
					"rotation": 180
				},
				"south": {
					"uv": [5, 0, 7, 1],
					"texture": "#2",
					"rotation": 90
				},
				"west": {"uv": [12, 3, 16, 5], "texture": "#1"},
				"up": {
					"uv": [12, 13, 16, 14],
					"texture": "#1",
					"rotation": 90
				},
				"down": {
					"uv": [4, 11, 8, 12],
					"texture": "#1",
					"rotation": 90
				}
			},
			"rotation": {
				"origin": [10, 10, 6],
				"axis": "x",
				"angle": 0
			},
			"type": "cube"
		},
		{
			"name": "cube",
			"from": [3, 13, 12],
			"to": [5, 14, 16],
			"faces": {
				"north": {"uv": [2, 0, 4, 1], "texture": "#2"},
				"east": {"uv": [12, 10, 16, 11], "texture": "#1"},
				"south": {"uv": [2, 0, 4, 1], "texture": "#2"},
				"west": {"uv": [12, 2, 16, 3], "texture": "#1"},
				"up": {
					"uv": [12, 11, 16, 13],
					"texture": "#1",
					"rotation": 90
				},
				"down": {
					"uv": [12, 10, 16, 12],
					"texture": "#1",
					"rotation": 270
				}
			},
			"rotation": {
				"origin": [2, 6, 12],
				"axis": "y",
				"angle": 0
			},
			"type": "cube"
		},
		{
			"name": "cube",
			"from": [5, 14, 12],
			"to": [11, 15, 16],
			"faces": {
				"north": {"uv": [2, 0, 8, 1], "texture": "#2"},
				"east": {"uv": [12, 1, 16, 2], "texture": "#1"},
				"south": {"uv": [2, 0, 8, 1], "texture": "#2"},
				"west": {"uv": [12, 1, 16, 2], "texture": "#1"},
				"up": {
					"uv": [12, 5, 16, 11],
					"texture": "#1",
					"rotation": 90
				},
				"down": {
					"uv": [0, 4, 4, 10],
					"texture": "#1",
					"rotation": 270
				}
			},
			"rotation": {
				"origin": [8, 7, 12],
				"axis": "y",
				"angle": 0
			},
			"type": "cube"
		},
		{
			"name": "cube",
			"from": [11, 13, 12],
			"to": [13, 14, 16],
			"faces": {
				"north": {"uv": [2, 0, 4, 1], "texture": "#2"},
				"east": {"uv": [12, 2, 16, 3], "texture": "#1"},
				"south": {"uv": [2, 0, 4, 1], "texture": "#2"},
				"west": {"uv": [0, 3, 4, 4], "texture": "#1"},
				"up": {
					"uv": [12, 3, 16, 5],
					"texture": "#1",
					"rotation": 90
				},
				"down": {
					"uv": [0, 2, 4, 4],
					"texture": "#1",
					"rotation": 270
				}
			},
			"rotation": {
				"origin": [10, 6, 12],
				"axis": "y",
				"angle": 0
			},
			"type": "cube"
		},
		{
			"name": "east_outer_4",
			"from": [13, 11, 12],
			"to": [14, 13, 16],
			"faces": {
				"north": {
					"uv": [5, 0, 7, 1],
					"texture": "#2",
					"rotation": 90
				},
				"east": {
					"uv": [12, 3, 16, 5],
					"texture": "#1",
					"rotation": 180
				},
				"south": {
					"uv": [6, 0, 8, 1],
					"texture": "#2",
					"rotation": 270
				},
				"west": {"uv": [0, 3, 4, 5], "texture": "#1"},
				"up": {
					"uv": [12, 2, 16, 3],
					"texture": "#1",
					"rotation": 270
				},
				"down": {
					"uv": [0, 11, 4, 12],
					"texture": "#1",
					"rotation": 270
				}
			},
			"rotation": {
				"origin": [6, 9, 7],
				"axis": "x",
				"angle": 0
			},
			"type": "cube"
		},
		{
			"name": "east_outer_3",
			"from": [14, 5, 12],
			"to": [15, 11, 16],
			"faces": {
				"north": {
					"uv": [5, 0, 11, 1],
					"texture": "#2",
					"rotation": 90
				},
				"east": {
					"uv": [12, 5, 16, 11],
					"texture": "#1",
					"rotation": 180
				},
				"south": {
					"uv": [6, 0, 12, 1],
					"texture": "#2",
					"rotation": 270
				},
				"west": {"uv": [0, 5, 4, 11], "texture": "#1"},
				"up": {
					"uv": [12, 1, 16, 2],
					"texture": "#1",
					"rotation": 270
				},
				"down": {
					"uv": [12, 14, 16, 15],
					"texture": "#1",
					"rotation": 270
				}
			},
			"rotation": {
				"origin": [7, 7, 7],
				"axis": "x",
				"angle": 0
			},
			"type": "cube"
		},
		{
			"name": "east_outer_5",
			"from": [13, 3, 12],
			"to": [14, 5, 16],
			"faces": {
				"north": {
					"uv": [5, 0, 7, 1],
					"texture": "#2",
					"rotation": 90
				},
				"east": {
					"uv": [12, 11, 16, 13],
					"texture": "#1",
					"rotation": 180
				},
				"south": {
					"uv": [6, 0, 8, 1],
					"texture": "#2",
					"rotation": 270
				},
				"west": {"uv": [0, 11, 4, 13], "texture": "#1"},
				"up": {
					"uv": [0, 4, 4, 5],
					"texture": "#1",
					"rotation": 270
				},
				"down": {
					"uv": [12, 13, 16, 14],
					"texture": "#1",
					"rotation": 270
				}
			},
			"rotation": {
				"origin": [6, 1, 7],
				"axis": "x",
				"angle": 0
			},
			"type": "cube"
		},
		{
			"name": "cube",
			"from": [11, 2, 12],
			"to": [13, 3, 16],
			"faces": {
				"north": {"uv": [2, 0, 4, 1], "texture": "#2"},
				"east": {"uv": [12, 13, 16, 14], "texture": "#1"},
				"south": {"uv": [2, 0, 4, 1], "texture": "#2"},
				"west": {"uv": [0, 11, 4, 12], "texture": "#1"},
				"up": {
					"uv": [0, 3, 4, 5],
					"texture": "#1",
					"rotation": 270
				},
				"down": {
					"uv": [12, 11, 16, 13],
					"texture": "#1",
					"rotation": 90
				}
			},
			"rotation": {
				"origin": [14, 10, 12],
				"axis": "y",
				"angle": 0
			},
			"type": "cube"
		},
		{
			"name": "cube",
			"from": [5, 1, 12],
			"to": [11, 2, 16],
			"faces": {
				"north": {"uv": [2, 0, 8, 1], "texture": "#2"},
				"east": {"uv": [12, 14, 16, 15], "texture": "#1"},
				"south": {"uv": [2, 0, 8, 1], "texture": "#2"},
				"west": {"uv": [0, 11, 4, 12], "texture": "#1"},
				"up": {
					"uv": [0, 5, 4, 11],
					"texture": "#1",
					"rotation": 270
				},
				"down": {
					"uv": [12, 5, 16, 11],
					"texture": "#1",
					"rotation": 90
				}
			},
			"rotation": {
				"origin": [8, 9, 12],
				"axis": "y",
				"angle": 0
			},
			"type": "cube"
		},
		{
			"name": "cube",
			"from": [2, 3, 12],
			"to": [3, 5, 16],
			"faces": {
				"north": {
					"uv": [6, 0, 8, 1],
					"texture": "#2",
					"rotation": 270
				},
				"east": {
					"uv": [0, 11, 4, 13],
					"texture": "#1",
					"rotation": 180
				},
				"south": {
					"uv": [5, 0, 7, 1],
					"texture": "#2",
					"rotation": 90
				},
				"west": {"uv": [0, 5, 4, 7], "texture": "#1"},
				"up": {
					"uv": [4, 4, 8, 5],
					"texture": "#1",
					"rotation": 90
				},
				"down": {
					"uv": [12, 2, 16, 3],
					"texture": "#1",
					"rotation": 90
				}
			},
			"rotation": {
				"origin": [10, 2, 6],
				"axis": "x",
				"angle": 0
			},
			"type": "cube"
		},
		{
			"name": "cube",
			"from": [3, 2, 12],
			"to": [5, 3, 16],
			"faces": {
				"north": {"uv": [2, 0, 4, 1], "texture": "#2"},
				"east": {"uv": [0, 4, 4, 5], "texture": "#1"},
				"south": {"uv": [2, 0, 4, 1], "texture": "#2"},
				"west": {"uv": [0, 11, 4, 12], "texture": "#1"},
				"up": {
					"uv": [0, 11, 4, 13],
					"texture": "#1",
					"rotation": 270
				},
				"down": {
					"uv": [12, 3, 16, 5],
					"texture": "#1",
					"rotation": 90
				}
			},
			"rotation": {
				"origin": [6, 10, 12],
				"axis": "y",
				"angle": 0
			},
			"type": "cube"
		},
		{
			"name": "cube",
			"from": [5, 2, 14],
			"to": [11, 3, 15],
			"faces": {
				"north": {"uv": [5, 13, 11, 14], "texture": "#3"},
				"east": {"uv": [0, 0, 1, 1], "texture": "#missing"},
				"south": {"uv": [5, 13, 11, 14], "texture": "#0"},
				"west": {"uv": [0, 0, 1, 1], "texture": "#missing"},
				"up": {"uv": [0, 0, 6, 1], "texture": "#missing"},
				"down": {"uv": [0, 0, 6, 1], "texture": "#missing"}
			},
			"type": "cube"
		},
		{
			"name": "cube",
			"from": [3, 3, 14],
			"to": [13, 13, 15],
			"faces": {
				"north": {"uv": [3, 3, 13, 13], "texture": "#3"},
				"east": {
					"uv": [0, 0, 1, 10],
					"texture": "#missing"
				},
				"south": {"uv": [3, 3, 13, 13], "texture": "#0"},
				"west": {
					"uv": [0, 0, 1, 10],
					"texture": "#missing"
				},
				"up": {"uv": [0, 0, 10, 1], "texture": "#missing"},
				"down": {"uv": [0, 0, 10, 1], "texture": "#missing"}
			},
			"type": "cube"
		},
		{
			"name": "cube",
			"from": [5, 13, 14],
			"to": [11, 14, 15],
			"faces": {
				"north": {"uv": [5, 2, 11, 3], "texture": "#3"},
				"east": {"uv": [0, 0, 1, 1], "texture": "#missing"},
				"south": {"uv": [5, 2, 11, 3], "texture": "#0"},
				"west": {"uv": [0, 0, 1, 1], "texture": "#missing"},
				"up": {"uv": [0, 0, 6, 1], "texture": "#missing"},
				"down": {"uv": [0, 0, 6, 1], "texture": "#missing"}
			},
			"type": "cube"
		},
		{
			"name": "cube",
			"from": [13, 5, 14],
			"to": [14, 11, 15],
			"faces": {
				"north": {"uv": [2, 5, 3, 11], "texture": "#3"},
				"east": {"uv": [0, 0, 1, 6], "texture": "#missing"},
				"south": {"uv": [13, 5, 14, 11], "texture": "#0"},
				"west": {"uv": [0, 0, 1, 6], "texture": "#missing"},
				"up": {"uv": [0, 0, 1, 1], "texture": "#missing"},
				"down": {"uv": [0, 0, 1, 1], "texture": "#missing"}
			},
			"type": "cube"
		},
		{
			"name": "cube",
			"from": [2, 5, 14],
			"to": [3, 11, 15],
			"faces": {
				"north": {"uv": [13, 5, 14, 11], "texture": "#3"},
				"east": {"uv": [0, 0, 1, 6], "texture": "#missing"},
				"south": {"uv": [2, 5, 3, 11], "texture": "#0"},
				"west": {"uv": [0, 0, 1, 6], "texture": "#missing"},
				"up": {"uv": [0, 0, 1, 1], "texture": "#missing"},
				"down": {"uv": [0, 0, 1, 1], "texture": "#missing"}
			},
			"type": "cube"
		}
	],
    "display": {
        "gui": {
            "rotation": [ 30, 225, 0 ],
            "translation": [ 0, 0, 0],
            "scale":[ 0.625, 0.625, 0.625 ]
        },
        "ground": {
            "rotation": [ 0, 0, 0 ],
            "translation": [ 0, 3, 0],
            "scale":[ 0.25, 0.25, 0.25 ]
        },
        "fixed": {
            "rotation": [ 0, 0, 0 ],
            "translation": [ 0, 0, 0],
            "scale":[ 0.5, 0.5, 0.5 ]
        },
        "thirdperson_righthand": {
            "rotation": [ 75, 45, 0 ],
            "translation": [ 0, 2.5, 0],
            "scale": [ 0.375, 0.375, 0.375 ]
        },
        "firstperson_righthand": {
            "rotation": [ 0, 45, 0 ],
            "translation": [ 0, 0, 0 ],
            "scale": [ 0.40, 0.40, 0.40 ]
        },
        "firstperson_lefthand": {
            "rotation": [ 0, 225, 0 ],
            "translation": [ 0, 0, 0 ],
            "scale": [ 0.40, 0.40, 0.40 ]
        }
    }
}