{
	"credit": "Made with Blockbench, a free, modern block model editor by JannisX11. Model by Kisutora.",
	"textures": {
		"0": "growthcraft_cellar:blocks/fruit_press/fruit_press_basket",
		"1": "growthcraft_cellar:blocks/fruit_press/fruit_press_bottom",
		"2": "growthcraft_cellar:blocks/fruit_press/fruit_press",
		"particle": "growthcraft_cellar:blocks/fruit_press/fruit_press_basket"
	},
	"elements": [
		{
			"name": "base_foot_ne",
			"from": [13, 0, 13],
			"to": [15, 3, 15],
			"rotation": {
				"angle": 0,
				"axis": "y",
				"origin": [14, 1.5, 14]
			},
			"faces": {
				"north": {"uv": [2, 8, 4, 11], "texture": "#2"},
				"east": {"uv": [0, 8, 2, 11], "texture": "#2"},
				"south": {"uv": [2, 8, 4, 11], "texture": "#2"},
				"west": {"uv": [0, 8, 2, 11], "texture": "#2"},
				"down": {
					"uv": [4, 9, 6, 11],
					"texture": "#2",
					"rotation": 90
				}
			}
		},
		{
			"name": "base_foot_se",
			"from": [1, 0, 13],
			"to": [3, 3, 15],
			"rotation": {
				"angle": 0,
				"axis": "y",
				"origin": [2, 1.5, 14]
			},
			"faces": {
				"north": {"uv": [0, 8, 2, 11], "texture": "#2"},
				"east": {"uv": [2, 8, 4, 11], "texture": "#2"},
				"south": {"uv": [0, 8, 2, 11], "texture": "#2"},
				"west": {"uv": [2, 8, 4, 11], "texture": "#2"},
				"down": {"uv": [4, 9, 6, 11], "texture": "#2"}
			}
		},
		{
			"name": "base_foot_nw",
			"from": [13, 0, 1],
			"to": [15, 3, 3],
			"rotation": {
				"angle": 0,
				"axis": "y",
				"origin": [14, 1.5, 2]
			},
			"faces": {
				"north": {"uv": [0, 8, 2, 11], "texture": "#2"},
				"east": {"uv": [2, 8, 4, 11], "texture": "#2"},
				"south": {"uv": [0, 8, 2, 11], "texture": "#2"},
				"west": {"uv": [2, 8, 4, 11], "texture": "#2"},
				"down": {
					"uv": [4, 9, 6, 11],
					"texture": "#2",
					"rotation": 180
				}
			}
		},
		{
			"name": "base_foot_sw",
			"from": [1, 0, 1],
			"to": [3, 3, 3],
			"rotation": {
				"angle": 0,
				"axis": "y",
				"origin": [2, 1.5, 2]
			},
			"faces": {
				"north": {"uv": [2, 8, 4, 11], "texture": "#2"},
				"east": {"uv": [0, 8, 2, 11], "texture": "#2"},
				"south": {"uv": [2, 8, 4, 11], "texture": "#2"},
				"west": {"uv": [0, 8, 2, 11], "texture": "#2"},
				"down": {
					"uv": [4, 9, 6, 11],
					"texture": "#2",
					"rotation": 270
				}
			}
		},
		{
			"name": "base_side_n",
			"from": [15, 3, 0],
			"to": [16, 7, 16],
			"rotation": {
				"angle": 0,
				"axis": "y",
				"origin": [15.5, 5, 8]
			},
			"faces": {
				"north": {"uv": [0, 12, 1, 16], "texture": "#2"},
				"east": {"uv": [0, 12, 16, 16], "texture": "#2"},
				"south": {"uv": [15, 12, 16, 16], "texture": "#2"},
				"west": {"uv": [0, 12, 16, 16], "texture": "#2"},
				"up": {
					"uv": [0, 11, 16, 12],
					"texture": "#2",
					"rotation": 270
				},
				"down": {
					"uv": [0, 11, 16, 12],
					"texture": "#2",
					"rotation": 90
				}
			}
		},
		{
			"name": "base_side_s",
			"from": [0, 3, 0],
			"to": [1, 7, 16],
			"rotation": {
				"angle": 0,
				"axis": "y",
				"origin": [0.5, 5, 8]
			},
			"faces": {
				"north": {"uv": [15, 12, 16, 16], "texture": "#2"},
				"east": {"uv": [0, 12, 16, 16], "texture": "#2"},
				"south": {"uv": [0, 12, 1, 16], "texture": "#2"},
				"west": {"uv": [0, 12, 16, 16], "texture": "#2"},
				"up": {
					"uv": [0, 11, 16, 12],
					"texture": "#2",
					"rotation": 90
				},
				"down": {
					"uv": [0, 11, 16, 12],
					"texture": "#2",
					"rotation": 270
				}
			}
		},
		{
			"name": "base_side_e",
			"from": [1, 3, 15],
			"to": [15, 7, 16],
			"rotation": {
				"angle": 0,
				"axis": "y",
				"origin": [8, 5, 15.5]
			},
			"faces": {
				"north": {"uv": [1, 12, 15, 16], "texture": "#2"},
				"south": {"uv": [1, 12, 15, 16], "texture": "#2"},
				"up": {"uv": [1, 11, 15, 12], "texture": "#2"},
				"down": {"uv": [1, 11, 15, 12], "texture": "#2"}
			}
		},
		{
			"name": "base_side_w",
			"from": [1, 3, 0],
			"to": [15, 7, 1],
			"rotation": {
				"angle": 0,
				"axis": "y",
				"origin": [8, 5, 0.5]
			},
			"faces": {
				"north": {"uv": [1, 12, 15, 16], "texture": "#2"},
				"south": {"uv": [1, 12, 15, 16], "texture": "#2"},
				"up": {
					"uv": [1, 11, 15, 12],
					"texture": "#2",
					"rotation": 180
				},
				"down": {
					"uv": [1, 11, 15, 12],
					"texture": "#2",
					"rotation": 180
				}
			}
		},
		{
			"name": "base_bottom",
			"from": [1, 3, 1],
			"to": [15, 4, 15],
			"rotation": {
				"angle": 0,
				"axis": "y",
				"origin": [8, 3.5, 8]
			},
			"faces": {
				"up": {
					"uv": [0, 0, 14, 14],
					"texture": "#1",
					"rotation": 90
				},
				"down": {
					"uv": [0, 0, 14, 14],
					"texture": "#1",
					"rotation": 270
				}
			}
		},
		{
			"name": "basket_side_n",
			"from": [13, 4, 2],
			"to": [14, 16, 14],
			"rotation": {
				"angle": 0,
				"axis": "y",
				"origin": [13.5, 10, 8]
			},
			"faces": {
				"north": {"uv": [2, 1, 3, 13], "texture": "#0"},
				"east": {"uv": [2, 1, 14, 13], "texture": "#0"},
				"south": {"uv": [13, 1, 14, 13], "texture": "#0"},
				"west": {"uv": [2, 1, 14, 13], "texture": "#0"},
				"up": {
					"uv": [2, 0, 14, 1],
					"texture": "#0",
					"rotation": 270
				}
			}
		},
		{
			"name": "basket_side_s",
			"from": [2, 4, 2],
			"to": [3, 16, 14],
			"rotation": {
				"angle": 0,
				"axis": "y",
				"origin": [2.5, 10, 8]
			},
			"faces": {
				"north": {"uv": [13, 1, 14, 13], "texture": "#0"},
				"east": {"uv": [2, 1, 14, 13], "texture": "#0"},
				"south": {"uv": [2, 1, 3, 13], "texture": "#0"},
				"west": {"uv": [2, 1, 14, 13], "texture": "#0"},
				"up": {
					"uv": [2, 0, 14, 1],
					"texture": "#0",
					"rotation": 90
				}
			}
		},
		{
			"name": "basket_side_e",
			"from": [3, 4, 13],
			"to": [13, 16, 14],
			"rotation": {
				"angle": 0,
				"axis": "y",
				"origin": [8, 10, 13.5]
			},
			"faces": {
				"north": {"uv": [3, 1, 13, 13], "texture": "#0"},
				"south": {"uv": [3, 1, 13, 13], "texture": "#0"},
				"up": {"uv": [3, 0, 13, 1], "texture": "#0"}
			}
		},
		{
			"name": "basket_side_w",
			"from": [3, 4, 2],
			"to": [13, 16, 3],
			"rotation": {
				"angle": 0,
				"axis": "y",
				"origin": [8, 10, 2.5]
			},
			"faces": {
				"north": {"uv": [3, 1, 13, 13], "texture": "#0"},
				"south": {"uv": [3, 1, 13, 13], "texture": "#0"},
				"up": {
					"uv": [3, 0, 13, 1],
					"texture": "#0",
					"rotation": 180
				}
			}
		},
		{
			"name": "metal_lower_right_n",
			"from": [14, 8, 1],
			"to": [15, 10, 7],
			"rotation": {
				"angle": 0,
				"axis": "y",
				"origin": [14.5, 9, 4]
			},
			"faces": {
				"north": {"uv": [1, 5, 2, 7], "texture": "#2"},
				"east": {"uv": [9, 5, 15, 7], "texture": "#2"},
				"up": {
					"uv": [9, 4, 15, 5],
					"texture": "#2",
					"rotation": 270
				},
				"down": {
					"uv": [9, 7, 15, 8],
					"texture": "#2",
					"rotation": 90
				}
			}
		},
		{
			"name": "metal_lower_left_n",
			"from": [14, 8, 9],
			"to": [15, 10, 15],
			"rotation": {
				"angle": 0,
				"axis": "y",
				"origin": [14.5, 9, 12]
			},
			"faces": {
				"east": {"uv": [1, 5, 7, 7], "texture": "#2"},
				"south": {"uv": [14, 5, 15, 7], "texture": "#2"},
				"up": {
					"uv": [1, 4, 7, 5],
					"texture": "#2",
					"rotation": 270
				},
				"down": {
					"uv": [1, 7, 7, 8],
					"texture": "#2",
					"rotation": 90
				}
			}
		},
		{
			"name": "metal_lower_right_s",
			"from": [1, 8, 9],
			"to": [2, 10, 15],
			"rotation": {
				"angle": 0,
				"axis": "y",
				"origin": [1.5, 9, 12]
			},
			"faces": {
				"south": {"uv": [1, 5, 2, 7], "texture": "#2"},
				"west": {"uv": [9, 5, 15, 7], "texture": "#2"},
				"up": {
					"uv": [9, 4, 15, 5],
					"texture": "#2",
					"rotation": 90
				},
				"down": {
					"uv": [9, 7, 15, 8],
					"texture": "#2",
					"rotation": 270
				}
			}
		},
		{
			"name": "metal_lower_left_s",
			"from": [1, 8, 1],
			"to": [2, 10, 7],
			"rotation": {
				"angle": 0,
				"axis": "y",
				"origin": [1.5, 9, 4]
			},
			"faces": {
				"north": {"uv": [14, 5, 15, 7], "texture": "#2"},
				"west": {"uv": [1, 5, 7, 7], "texture": "#2"},
				"up": {
					"uv": [1, 4, 7, 5],
					"texture": "#2",
					"rotation": 90
				},
				"down": {
					"uv": [1, 7, 7, 8],
					"texture": "#2",
					"rotation": 270
				}
			}
		},
		{
			"name": "metal_lower_e",
			"from": [2, 8, 14],
			"to": [14, 10, 15],
			"rotation": {
				"angle": 0,
				"axis": "y",
				"origin": [8, 9, 14.5]
			},
			"faces": {
				"south": {"uv": [2, 5, 14, 7], "texture": "#2"},
				"up": {"uv": [2, 4, 14, 5], "texture": "#2"},
				"down": {"uv": [2, 7, 14, 8], "texture": "#2"}
			}
		},
		{
			"name": "metal_lower_w",
			"from": [2, 8, 1],
			"to": [14, 10, 2],
			"rotation": {
				"angle": 0,
				"axis": "y",
				"origin": [8, 9, 1.5]
			},
			"faces": {
				"north": {"uv": [2, 5, 14, 7], "texture": "#2"},
				"up": {
					"uv": [2, 4, 14, 5],
					"texture": "#2",
					"rotation": 180
				},
				"down": {
					"uv": [2, 7, 14, 8],
					"texture": "#2",
					"rotation": 180
				}
			}
		},
		{
			"name": "metal_upper_right_n",
			"from": [14, 12, 1],
			"to": [15, 14, 7],
			"rotation": {
				"angle": 0,
				"axis": "y",
				"origin": [14.5, 13, 4]
			},
			"faces": {
				"north": {"uv": [1, 1, 2, 3], "texture": "#2"},
				"east": {"uv": [9, 1, 15, 3], "texture": "#2"},
				"up": {
					"uv": [9, 0, 15, 1],
					"texture": "#2",
					"rotation": 270
				},
				"down": {
					"uv": [9, 3, 15, 4],
					"texture": "#2",
					"rotation": 90
				}
			}
		},
		{
			"name": "metal_upper_left_n",
			"from": [14, 12, 9],
			"to": [15, 14, 15],
			"rotation": {
				"angle": 0,
				"axis": "y",
				"origin": [14.5, 13, 12]
			},
			"faces": {
				"east": {"uv": [1, 1, 7, 3], "texture": "#2"},
				"south": {"uv": [14, 1, 15, 3], "texture": "#2"},
				"up": {
					"uv": [1, 0, 7, 1],
					"texture": "#2",
					"rotation": 270
				},
				"down": {
					"uv": [1, 3, 7, 4],
					"texture": "#2",
					"rotation": 90
				}
			}
		},
		{
			"name": "metal_upper_right_s",
			"from": [1, 12, 9],
			"to": [2, 14, 15],
			"rotation": {
				"angle": 0,
				"axis": "y",
				"origin": [1.5, 13, 12]
			},
			"faces": {
				"south": {"uv": [1, 1, 2, 3], "texture": "#2"},
				"west": {"uv": [9, 1, 15, 3], "texture": "#2"},
				"up": {
					"uv": [9, 0, 15, 1],
					"texture": "#2",
					"rotation": 90
				},
				"down": {
					"uv": [9, 3, 15, 4],
					"texture": "#2",
					"rotation": 270
				}
			}
		},
		{
			"name": "metal_upper_left_s",
			"from": [1, 12, 1],
			"to": [2, 14, 7],
			"rotation": {
				"angle": 0,
				"axis": "y",
				"origin": [1.5, 13, 4]
			},
			"faces": {
				"north": {"uv": [14, 1, 15, 3], "texture": "#2"},
				"west": {"uv": [1, 1, 7, 3], "texture": "#2"},
				"up": {
					"uv": [1, 0, 7, 1],
					"texture": "#2",
					"rotation": 90
				},
				"down": {
					"uv": [1, 3, 7, 4],
					"texture": "#2",
					"rotation": 270
				}
			}
		},
		{
			"name": "metal_upper_e",
			"from": [2, 12, 14],
			"to": [14, 14, 15],
			"rotation": {
				"angle": 0,
				"axis": "y",
				"origin": [8, 13, 14.5]
			},
			"faces": {
				"south": {"uv": [2, 1, 14, 3], "texture": "#2"},
				"up": {"uv": [2, 0, 14, 1], "texture": "#2"},
				"down": {"uv": [2, 3, 14, 4], "texture": "#2"}
			}
		},
		{
			"name": "metal_upper_w",
			"from": [2, 12, 1],
			"to": [14, 14, 2],
			"rotation": {
				"angle": 0,
				"axis": "y",
				"origin": [8, 13, 1.5]
			},
			"faces": {
				"north": {"uv": [2, 1, 14, 3], "texture": "#2"},
				"up": {
					"uv": [2, 0, 14, 1],
					"texture": "#2",
					"rotation": 180
				},
				"down": {
					"uv": [2, 3, 14, 4],
					"texture": "#2",
					"rotation": 180
				}
			}
		},
		{
			"name": "support_n",
			"from": [14, 7, 7],
			"to": [16, 16, 9],
			"rotation": {
				"angle": 0,
				"axis": "y",
				"origin": [15, 11.5, 8]
			},
			"faces": {
				"north": {
					"uv": [3, 14, 12, 16],
					"texture": "#1",
					"rotation": 270
				},
				"east": {
					"uv": [3, 14, 12, 16],
					"texture": "#1",
					"rotation": 270
				},
				"south": {
					"uv": [3, 14, 12, 16],
					"texture": "#1",
					"rotation": 270
				}
			}
		},
		{
			"name": "support_s",
			"from": [0, 7, 7],
			"to": [2, 16, 9],
			"rotation": {
				"angle": 0,
				"axis": "y",
				"origin": [1, 11.5, 8]
			},
			"faces": {
				"north": {
					"uv": [3, 14, 12, 16],
					"texture": "#1",
					"rotation": 270
				},
				"south": {
					"uv": [3, 14, 12, 16],
					"texture": "#1",
					"rotation": 270
				},
				"west": {
					"uv": [3, 14, 12, 16],
					"texture": "#1",
					"rotation": 270
				}
			}
		},
		{
			"name": "support_filler_n",
			"from": [14, 4, 7],
			"to": [15, 7, 9],
			"rotation": {
				"angle": 0,
				"axis": "y",
				"origin": [14.5, 5.5, 8]
			},
			"faces": {
				"north": {
					"uv": [0, 15, 3, 16],
					"texture": "#1",
					"rotation": 270
				},
				"south": {
					"uv": [0, 14, 3, 15],
					"texture": "#1",
					"rotation": 270
				}
			}
		},
		{
			"name": "support_filler_s",
			"from": [1, 4, 7],
			"to": [2, 7, 9],
			"rotation": {
				"angle": 0,
				"axis": "y",
				"origin": [1.5, 5.5, 8]
			},
			"faces": {
				"north": {
					"uv": [0, 14, 3, 15],
					"texture": "#1",
					"rotation": 270
				},
				"south": {
					"uv": [0, 15, 3, 16],
					"texture": "#1",
					"rotation": 270
				}
			}
		}
	],
	"display": {
		"gui": {
			"rotation": [30, 225, 0],
			"translation": [0, 0, 0],
			"scale": [0.625, 0.625, 0.625]
		},
		"ground": {
			"rotation": [0, 0, 0],
			"translation": [0, 3, 0],
			"scale": [0.25, 0.25, 0.25]
		},
		"fixed": {
			"rotation": [0, 0, 0],
			"translation": [0, 0, 0],
			"scale": [0.5, 0.5, 0.5]
		},
		"thirdperson_righthand": {
			"rotation": [75, 45, 0],
			"translation": [0, 2.5, 0],
			"scale": [0.375, 0.375, 0.375]
		},
		"firstperson_righthand": {
			"rotation": [0, 45, 0],
			"translation": [0, 0, 0],
			"scale": [0.4, 0.4, 0.4]
		},
		"firstperson_lefthand": {
			"rotation": [0, 225, 0],
			"translation": [0, 0, 0],
			"scale": [0.4, 0.4, 0.4]
		}
	}
}