{
	"textures": {
		"0": "growthcraft_cellar:blocks/wine_bottle",
		"particle": "growthcraft_cellar:blocks/wine_bottle"
	},
	"elements": [
		{
			"name": "top",
			"from": [7, 12, 7],
			"to": [9, 16, 9],
			"faces": {
				"north": {"uv": [7, 0, 9, 4], "texture": "#0"},
				"east": {"uv": [7, 0, 9, 4], "texture": "#0"},
				"south": {"uv": [7, 0, 9, 4], "texture": "#0"},
				"west": {"uv": [7, 0, 9, 4], "texture": "#0"},
				"up": {"uv": [7, 0, 9, 2], "texture": "#0"}
			}
		},
		{
			"name": "middle",
			"from": [6, 8, 6],
			"to": [10, 10, 10],
			"faces": {
				"north": {"uv": [6, 6, 10, 8], "texture": "#0"},
				"east": {"uv": [6, 6, 10, 8], "texture": "#0"},
				"south": {"uv": [6, 6, 10, 8], "texture": "#0"},
				"west": {"uv": [6, 6, 10, 8], "texture": "#0"},
				"up": {"uv": [11, 1, 15, 5], "texture": "#0"}
			}
		},
		{
			"name": "middle",
			"from": [5, 8, 7],
			"to": [11, 10, 9],
			"faces": {
				"north": {"uv": [5, 6, 11, 8], "texture": "#0"},
				"east": {"uv": [7, 6, 9, 8], "texture": "#0"},
				"south": {"uv": [5, 6, 11, 8], "texture": "#0"},
				"west": {"uv": [7, 6, 9, 8], "texture": "#0"},
				"up": {"uv": [10, 2, 16, 4], "texture": "#0"}
			}
		},
		{
			"name": "middle",
			"from": [7, 8, 5],
			"to": [9, 10, 11],
			"faces": {
				"north": {"uv": [7, 6, 9, 8], "texture": "#0"},
				"east": {"uv": [5, 6, 11, 8], "texture": "#0"},
				"south": {"uv": [7, 6, 9, 8], "texture": "#0"},
				"west": {"uv": [5, 6, 11, 8], "texture": "#0"},
				"up": {"uv": [12, 0, 14, 6], "texture": "#0"}
			}
		},
		{
			"name": "middle",
			"from": [6, 10, 7],
			"to": [10, 12, 9],
			"faces": {
				"north": {"uv": [6, 4, 10, 6], "texture": "#0"},
				"east": {"uv": [7, 4, 9, 6], "texture": "#0"},
				"south": {"uv": [6, 4, 10, 6], "texture": "#0"},
				"west": {"uv": [7, 4, 9, 6], "texture": "#0"},
				"up": {"uv": [11, 2, 15, 4], "texture": "#0"}
			}
		},
		{
			"name": "middle",
			"from": [7, 10, 6],
			"to": [9, 12, 10],
			"faces": {
				"north": {"uv": [7, 4, 9, 6], "texture": "#0"},
				"east": {"uv": [6, 4, 10, 6], "texture": "#0"},
				"south": {"uv": [7, 4, 9, 6], "texture": "#0"},
				"west": {"uv": [6, 4, 10, 6], "texture": "#0"},
				"up": {"uv": [12, 1, 14, 5], "texture": "#0"}
			}
		},
		{
			"name": "bottom",
			"from": [5, 0, 6],
			"to": [6, 8, 10],
			"faces": {
				"north": {"uv": [10, 8, 11, 16], "texture": "#0"},
				"south": {"uv": [5, 8, 6, 16], "texture": "#0"},
				"west": {"uv": [6, 8, 10, 16], "texture": "#0"},
				"up": {"uv": [15, 1, 16, 5], "texture": "#0"},
				"down": {"uv": [5, 1, 6, 5], "texture": "#0"}
			}
		},
		{
			"name": "bottom",
			"from": [10, 0, 6],
			"to": [11, 8, 10],
			"faces": {
				"north": {"uv": [5, 8, 6, 16], "texture": "#0"},
				"east": {"uv": [6, 8, 10, 16], "texture": "#0"},
				"south": {"uv": [10, 8, 11, 16], "texture": "#0"},
				"up": {"uv": [10, 1, 11, 5], "texture": "#0"},
				"down": {"uv": [0, 1, 1, 5], "texture": "#0"}
			}
		},
		{
			"name": "bottom",
			"from": [6, 0, 5],
			"to": [10, 8, 11],
			"faces": {
				"north": {"uv": [6, 8, 10, 16], "texture": "#0"},
				"east": {"uv": [5, 8, 11, 16], "texture": "#0"},
				"south": {"uv": [6, 8, 10, 16], "texture": "#0"},
				"west": {"uv": [5, 8, 11, 16], "texture": "#0"},
				"up": {"uv": [11, 0, 15, 6], "texture": "#0"},
				"down": {"uv": [1, 0, 5, 6], "texture": "#0"}
			}
		}
	],
	"display": {
		"thirdperson_righthand": {
			"rotation": [75, 45, 0],
			"translation": [0, 2.5, 0],
			"scale": [0.375, 0.375, 0.375]
		},
		"thirdperson_lefthand": {
			"rotation": [75, 45, 0],
			"translation": [0, 2.5, 0],
			"scale": [0.375, 0.375, 0.375]
		},
		"firstperson_righthand": {
			"rotation": [0, 45, 0],
			"scale": [0.4, 0.4, 0.4]
		},
		"firstperson_lefthand": {
			"rotation": [0, 225, 0],
			"scale": [0.4, 0.4, 0.4]
		},
		"ground": {
			"translation": [0, 3, 0],
			"scale": [0.25, 0.25, 0.25]
		},
		"gui": {
			"rotation": [30, 225, 0],
			"scale": [0.625, 0.625, 0.625]
		},
		"fixed": {
			"scale": [0.5, 0.5, 0.5]
		}
	}
}