{
	"textures": {
		"0": "blocks/planks_spruce",
		"particle": "blocks/planks_spruce"
	},
	"elements": [
		{
			"name": "bottom",
			"from": [0, 0, 0],
			"to": [16, 1, 16],
			"faces": {
				"north": {"uv": [0, 15, 16, 16], "texture": "#0"},
				"east": {"uv": [0, 15, 16, 16], "texture": "#0"},
				"south": {"uv": [0, 15, 16, 16], "texture": "#0"},
				"west": {"uv": [0, 15, 16, 16], "texture": "#0"},
				"up": {"uv": [0, 0, 16, 16], "texture": "#0"},
				"down": {"uv": [0, 0, 16, 16], "texture": "#0"}
			}
		},
		{
			"name": "support_middle",
			"from": [7, 1, 0],
			"to": [9, 8, 16],
			"faces": {
				"north": {"uv": [7, 8, 9, 15], "texture": "#0"},
				"east": {"uv": [0, 8, 16, 15], "texture": "#0"},
				"south": {"uv": [7, 8, 9, 15], "texture": "#0"},
				"west": {"uv": [0, 8, 16, 15], "texture": "#0"},
				"up": {"uv": [7, 0, 9, 16], "texture": "#0"},
				"down": {"uv": [7, 0, 9, 16], "texture": "#0"}
			}
		},
		{
			"name": "support_right",
			"from": [0, 1, 0],
			"to": [1, 8, 16],
			"faces": {
				"north": {"uv": [15, 8, 16, 15], "texture": "#0"},
				"east": {"uv": [0, 8, 16, 15], "texture": "#0"},
				"south": {"uv": [0, 8, 1, 15], "texture": "#0"},
				"west": {"uv": [0, 8, 16, 15], "texture": "#0"},
				"up": {"uv": [0, 0, 1, 16], "texture": "#0"},
				"down": {"uv": [0, 0, 1, 16], "texture": "#0"}
			}
		},
		{
			"name": "support_left",
			"from": [15, 1, 0],
			"to": [16, 8, 16],
			"faces": {
				"north": {"uv": [0, 8, 1, 15], "texture": "#0"},
				"east": {"uv": [0, 8, 16, 15], "texture": "#0"},
				"south": {"uv": [15, 8, 16, 15], "texture": "#0"},
				"west": {"uv": [0, 8, 16, 15], "texture": "#0"},
				"up": {"uv": [15, 0, 16, 16], "texture": "#0"},
				"down": {"uv": [15, 0, 16, 16], "texture": "#0"}
			}
		}
	],
	"display": {
		"thirdperson_righthand": {
			"rotation": [75, 45, 0],
			"translation": [0, 2.5, 0],
			"scale": [0.375, 0.375, 0.375]
		},
		"thirdperson_lefthand": {
			"rotation": [75, 45, 0],
			"translation": [0, 2.5, 0],
			"scale": [0.375, 0.375, 0.375]
		},
		"firstperson_righthand": {
			"rotation": [0, 45, 0],
			"scale": [0.4, 0.4, 0.4]
		},
		"firstperson_lefthand": {
			"rotation": [0, 225, 0],
			"scale": [0.4, 0.4, 0.4]
		},
		"ground": {
			"translation": [0, 3, 0],
			"scale": [0.25, 0.25, 0.25]
		},
		"gui": {
			"rotation": [30, 225, 0],
			"scale": [0.625, 0.625, 0.625]
		},
		"fixed": {
			"scale": [0.5, 0.5, 0.5]
		}
	}
}