{
  "forge_marker": 1,
  "defaults": {
    "model": "growthcraft_milk:cheese_vat_empty"
  },
  "variants": {
    "normal": [{ }],
    "inventory": [{
       "y": 0
    }],
    "attachnorth" : {
      "true" : {
        "submodel" : "growthcraft_milk:cheese_vat_feet_north"
      },
      "false" : {
      }
    },
    "attachsouth" : {
      "true" : {
        "submodel" : "growthcraft_milk:cheese_vat_feet_south"
      },
      "false" : {
      }
    },
    "attacheast" : {
      "true" : {
        "submodel" : "growthcraft_milk:cheese_vat_feet_east"
      },
      "false" : {
      }
    },
    "attachwest" : {
      "true" : {
        "submodel" : "growthcraft_milk:cheese_vat_feet_west"
      },
      "false" : {
      }
    }
  }
}