{
  "forge_marker": 1,
  "defaults": {
	"model": "growthcraft_milk:cheese_block_slices4"
  },
  "variants": {
    "normal": [{ }],
    "inventory": [{
       "y": 0
    }],
    "orient" : {
      "north" : {
        "y": 90
      },
      "south" : {
        "y": 270
      },
      "east" : {
        "y": 180
      },
      "west" : {
        "y": 0
      }
    },
    "slicescount": {
      0: {
        "model": "growthcraft:dummy"
      },
      1: {
        "model": "growthcraft_milk:cheese_block_slices1"
      },
      2: {
        "model": "growthcraft_milk:cheese_block_slices2"
      },
      3: {
        "model": "growthcraft_milk:cheese_block_slices3"
      },
      4: {
        "model": "growthcraft_milk:cheese_block_slices4"
      },
      5: {
        "model": "growthcraft_milk:cheese_block_double_slices1"
      },
      6: {
        "model": "growthcraft_milk:cheese_block_double_slices2"
      },
      7: {
        "model": "growthcraft_milk:cheese_block_double_slices3"
      },
      8: {
        "model": "growthcraft_milk:cheese_block_double_slices4"
      }
    },
    "typexstage": {
      0: {
	    "textures": {
          "0": "growthcraft_milk:blocks/cheese/cheddar_waxed_top",
          "1": "growthcraft_milk:blocks/cheese/cheddar_waxed_side",
          "particle": "growthcraft_milk:blocks/cheese/cheddar_waxed_top"
        }
      },
      1: {
	    "textures": {
          "0": "growthcraft_milk:blocks/cheese/monterey_waxed_top",
          "1": "growthcraft_milk:blocks/cheese/monterey_waxed_side",
          "particle": "growthcraft_milk:blocks/cheese/monterey_waxed_top"
        }
      },
      2: {
	    "textures": {
          "0": "growthcraft_milk:blocks/cheese/gouda_waxed_top",
          "1": "growthcraft_milk:blocks/cheese/gouda_waxed_side",
          "particle": "growthcraft_milk:blocks/cheese/gouda_waxed_top"
        }
      },
      3: {
	    "textures": {
          "0": "growthcraft_milk:blocks/cheese/provolone_waxed_top",
          "1": "growthcraft_milk:blocks/cheese/provolone_waxed_side",
          "particle": "growthcraft_milk:blocks/cheese/provolone_waxed_top"
        }
      },
      4: {
      },
      5: {
      },
      6: {
      },
      7: {
      },
      8: {
      },
      9: {
      },
      
      10: {
	    "textures": {
          "0": "growthcraft_milk:blocks/cheese/cheddar_waxed_top",
          "1": "growthcraft_milk:blocks/cheese/cheddar_waxed_side",
          "particle": "growthcraft_milk:blocks/cheese/cheddar_waxed_top"
        }
      },
      11: {
	    "textures": {
          "0": "growthcraft_milk:blocks/cheese/monterey_waxed_top",
          "1": "growthcraft_milk:blocks/cheese/monterey_waxed_side",
          "particle": "growthcraft_milk:blocks/cheese/monterey_waxed_top"
        }
      },
      12: {
	    "textures": {
          "0": "growthcraft_milk:blocks/cheese/gouda_waxed_top",
          "1": "growthcraft_milk:blocks/cheese/gouda_waxed_side",
          "particle": "growthcraft_milk:blocks/cheese/gouda_waxed_top"
        }
      },
      13: {
	    "textures": {
          "0": "growthcraft_milk:blocks/cheese/provolone_waxed_top",
          "1": "growthcraft_milk:blocks/cheese/provolone_waxed_side",
          "particle": "growthcraft_milk:blocks/cheese/provolone_waxed_top"
        }
      },
      14: {
      },
      15: {
      },
      16: {
      },
      17: {
      },
      18: {
      },
      19: {
      },
      
      20: {
	    "textures": {
          "0": "growthcraft_milk:blocks/cheese/cheddar_unwaxed_top",
          "1": "growthcraft_milk:blocks/cheese/cheddar_unwaxed_side",
          "particle": "growthcraft_milk:blocks/cheese/cheddar_unwaxed_top"
        }
      },
      21: {
	    "textures": {
          "0": "growthcraft_milk:blocks/cheese/monterey_unwaxed_top",
          "1": "growthcraft_milk:blocks/cheese/monterey_unwaxed_side",
          "particle": "growthcraft_milk:blocks/cheese/monterey_unwaxed_top"
        }
      },
      22: {
	    "textures": {
          "0": "growthcraft_milk:blocks/cheese/gouda_unwaxed_top",
          "1": "growthcraft_milk:blocks/cheese/gouda_unwaxed_side",
          "particle": "growthcraft_milk:blocks/cheese/gouda_unwaxed_top"
        }
      },
      23: {
	    "textures": {
          "0": "growthcraft_milk:blocks/cheese/provolone_unwaxed_top",
          "1": "growthcraft_milk:blocks/cheese/provolone_unwaxed_side",
          "particle": "growthcraft_milk:blocks/cheese/provolone_unwaxed_top"
        }
      },
      24: {
      },
      25: {
      },
      26: {
      },
      27: {
      },
      28: {
      },
      29: {
      }
    }
  }
}