{
  "forge_marker": 1,
  "defaults": {
  },
  "variants": {
    "orient": {
      "east" : {
        "y": 270
      },
      "north" : {
        "y": 180
      },
      "west" : {
        "y": 90
      },
      "south" : {
        "y": 0
      }
    },
    "animstage" : {
      "unpressed" : {
        "submodel": "growthcraft_milk:cheese_press_presser_high"
      },
      "pressing" : {
      },
      "pressed" : {
        "submodel": "growthcraft_milk:cheese_press_presser_low"
      }
    },
    "iscap" : {
      "true" : {
        "model": "growthcraft_milk:cheese_press_presser_low"
      },
      "false" : {
        "model": "growthcraft_milk:cheese_press_without_cap"
      }      
    }
  }
}