{
  "forge_marker": 1,
  "defaults": {
    "model": "growthcraft_milk:cheese_curds"
  },
  "variants": {
    "normal": [{ }],
    "inventory": [{
       "y": 0
    }],
    "type" : {
      "0": {
		"textures": {
			"1": "growthcraft_milk:blocks/cheese/ricotta_curds",
			"particle": "growthcraft_milk:blocks/cheese/ricotta_curds"
		}
      },
      "1": {
      },
      "2": {
      },
      "3": {
      },
      "4": {
      },
      "5": {
      },
      "6": {
      },
      "7": {
      },
      "8": {
      },
      "9": {
      }      
    }
  }
}