{
  "forge_marker": 1,
  "defaults": {
    "model": "growthcraft_grapes:grape_vine_trunk0"
  },
  "variants": {
    "age": {
      "0": {
        "model": "growthcraft_grapes:grape_vine_trunk1"
      },
      "1": {
        "model": "growthcraft_grapes:grape_vine_trunk0"
      },
      "2": {
      },
      "3": {
      },
      "4": {
      },
      "5": {
      },
      "6": {
      },
      "7": {
      }
    },
    "type": {
      "0": {
      },
      "1": {
      },
      "2": {
      },
      "3": {
      },
      "4": {
      },
      "5": {
      },
      "6": {
      },
      "7": {
      }
    }    
  }
}