{
	"credit": "Made with Blockbench, a free, modern block model editor by JannisX11. Model by Kisutora.",
	"textures": {
		"0": "growthcraft_bees:blocks/bee_box/bee_box_front",
		"1": "growthcraft_bees:blocks/bee_box/bee_box_side",
		"2": "growthcraft_bees:blocks/bee_box/bee_box_top",
		"3": "growthcraft_bees:blocks/bee_box/bee_box_bottom",
		"particle": "growthcraft_bees:blocks/bee_box/bee_box_top"
	},
	"elements": [
		{
			"name": "beebox_top",
			"from": [2, 14, 2],
			"to": [14, 16, 14],
			"faces": {
				"north": {"uv": [2, 0, 14, 2], "texture": "#1"},
				"east": {"uv": [2, 0, 14, 2], "texture": "#1"},
				"south": {"uv": [2, 0, 14, 2], "texture": "#0"},
				"west": {"uv": [2, 0, 14, 2], "texture": "#1"},
				"up": {"uv": [2, 2, 14, 14], "texture": "#2"}
			}
		},
		{
			"name": "beebox_middle",
			"from": [0, 11, 0],
			"to": [16, 14, 16],
			"faces": {
				"north": {"uv": [0, 2, 16, 5], "texture": "#1"},
				"east": {"uv": [0, 2, 16, 5], "texture": "#1"},
				"south": {"uv": [0, 2, 16, 5], "texture": "#0"},
				"west": {"uv": [0, 2, 16, 5], "texture": "#1"},
				"up": {"uv": [0, 0, 16, 16], "texture": "#2"},
				"down": {"uv": [0, 0, 16, 16], "texture": "#3"}
			}
		},
		{
			"name": "beebox_bottom",
			"from": [1, 3, 1],
			"to": [15, 11, 15],
			"faces": {
				"north": {"uv": [1, 5, 15, 13], "texture": "#1"},
				"east": {"uv": [1, 5, 15, 13], "texture": "#1"},
				"south": {"uv": [1, 5, 15, 13], "texture": "#0"},
				"west": {"uv": [1, 5, 15, 13], "texture": "#1"},
				"down": {"uv": [1, 1, 15, 15], "texture": "#3"}
			}
		},
		{
			"name": "foot_NE",
			"from": [12, 0, 2],
			"to": [14, 3, 4],
			"faces": {
				"north": {"uv": [2, 13, 4, 16], "texture": "#1"},
				"east": {"uv": [12, 13, 14, 16], "texture": "#1"},
				"south": {"uv": [2, 13, 4, 16], "texture": "#1"},
				"west": {"uv": [12, 13, 14, 16], "texture": "#1"},
				"down": {"uv": [12, 12, 14, 14], "texture": "#3"}
			}
		},
		{
			"name": "foot_SE",
			"from": [12, 0, 12],
			"to": [14, 3, 14],
			"faces": {
				"north": {"uv": [12, 13, 14, 16], "texture": "#1"},
				"east": {"uv": [2, 13, 4, 16], "texture": "#1"},
				"south": {"uv": [12, 13, 14, 16], "texture": "#0"},
				"west": {"uv": [2, 13, 4, 16], "texture": "#0"},
				"down": {"uv": [12, 2, 14, 4], "texture": "#3"}
			}
		},
		{
			"name": "foot_SW",
			"from": [2, 0, 12],
			"to": [4, 3, 14],
			"faces": {
				"north": {"uv": [2, 13, 4, 16], "texture": "#1"},
				"east": {"uv": [12, 13, 14, 16], "texture": "#0"},
				"south": {"uv": [2, 13, 4, 16], "texture": "#0"},
				"west": {"uv": [12, 13, 14, 16], "texture": "#1"},
				"down": {"uv": [2, 2, 4, 4], "texture": "#3"}
			}
		},
		{
			"name": "foot_NW",
			"from": [2, 0, 2],
			"to": [4, 3, 4],
			"faces": {
				"north": {"uv": [12, 13, 14, 16], "texture": "#1"},
				"east": {"uv": [2, 13, 4, 16], "texture": "#1"},
				"south": {"uv": [12, 13, 14, 16], "texture": "#1"},
				"west": {"uv": [2, 13, 4, 16], "texture": "#1"},
				"down": {"uv": [2, 12, 4, 14], "texture": "#3"}
			}
		}
	],
	"display": {
		"head": {
			"rotation": [0, 180, 0]
		},
		"thirdperson_righthand": {
			"scale": [0.375, 0.375, 0.375],
			"rotation": [75, -135, 0],
			"translation": [0, 2.5, 0]
		},
		"thirdperson_lefthand": {
			"scale": [0.375, 0.375, 0.375],
			"rotation": [75, -135, 0],
			"translation": [0, 2.5, 0]
		},
		"firstperson_righthand": {
			"scale": [0.4, 0.4, 0.4],
			"rotation": [0, -135, 0],
			"translation": [0, 0, 0]
		},
		"firstperson_lefthand": {
			"scale": [0.4, 0.4, 0.4],
			"rotation": [0, -135, 0],
			"translation": [0, 0, 0]
		},
		"ground": {
			"scale": [0.25, 0.25, 0.25],
			"rotation": [0, 180, 0],
			"translation": [0, 3, 0]
		},
		"fixed": {
			"scale": [0.5, 0.5, 0.5],
			"rotation": [0, 180, 0],
			"translation": [0, 0, 0]
		},
		"gui": {
			"scale": [0.625, 0.625, 0.625],
			"rotation": [30, -45, 0],
			"translation": [0, 0, 0]
		}
	}
}