{
	"credit": "Made with Blockbench, Model by Kisutora.",
	"textures": {
		"0": "growthcraft_bees:blocks/beehive_front",
		"1": "growthcraft_bees:blocks/beehive_sides",
		"particle": "growthcraft_bees:blocks/beehive_sides"
	},
	"elements": [
		{
			"name": "stem",
			"from": [7, 14, 7],
			"to": [9, 16, 9],
			"faces": {
				"north": {"uv": [0, 0, 2, 2], "texture": "#1"},
				"east": {"uv": [0, 0, 2, 2], "texture": "#1"},
				"south": {"uv": [0, 0, 2, 2], "texture": "#1"},
				"west": {"uv": [0, 0, 2, 2], "texture": "#1"},
				"up": {"uv": [0, 0, 2, 2], "texture": "#1"},
				"down": {"uv": [0, 0, 2, 2], "texture": "#1"}
			}
		},
		{
			"name": "layer1",
			"from": [4, 0, 4],
			"to": [12, 14, 12],
			"faces": {
				"north": {"uv": [4, 1, 12, 15], "texture": "#1"},
				"east": {"uv": [4, 1, 12, 15], "texture": "#1"},
				"south": {"uv": [4, 1, 12, 15], "texture": "#1"},
				"west": {"uv": [4, 1, 12, 15], "texture": "#1"},
				"up": {"uv": [4, 4, 12, 12], "texture": "#1"},
				"down": {"uv": [4, 4, 12, 12], "texture": "#1"}
			}
		},
		{
			"name": "layer2",
			"from": [3, 1, 3],
			"to": [13, 13, 13],
			"faces": {
				"north": {"uv": [3, 2, 13, 14], "texture": "#1"},
				"east": {"uv": [3, 2, 13, 14], "texture": "#1"},
				"south": {"uv": [3, 2, 13, 14], "texture": "#1"},
				"west": {"uv": [3, 2, 13, 14], "texture": "#1"},
				"up": {"uv": [3, 3, 13, 13], "texture": "#1"},
				"down": {"uv": [3, 3, 13, 13], "texture": "#1"}
			}
		},
		{
			"name": "layer3",
			"from": [2, 4, 2],
			"to": [14, 10, 14],
			"faces": {
				"north": {"uv": [2, 6, 14, 12], "texture": "#0"},
				"east": {"uv": [2, 6, 14, 12], "texture": "#1"},
				"south": {"uv": [2, 6, 14, 12], "texture": "#1"},
				"west": {"uv": [2, 6, 14, 12], "texture": "#1"},
				"up": {"uv": [2, 2, 14, 14], "texture": "#1"},
				"down": {"uv": [2, 2, 14, 14], "texture": "#1"}
			}
		}
	],
	"display": {
		"thirdperson_righthand": {
			"rotation": [75, 45, 0],
			"translation": [0, 2.5, 0],
			"scale": [0.375, 0.375, 0.375]
		},
		"thirdperson_lefthand": {
			"rotation": [75, 45, 0],
			"translation": [0, 2.5, 0],
			"scale": [0.375, 0.375, 0.375]
		},
		"firstperson_righthand": {
			"rotation": [0, 45, 0],
			"scale": [0.4, 0.4, 0.4]
		},
		"firstperson_lefthand": {
			"rotation": [0, 225, 0],
			"scale": [0.4, 0.4, 0.4]
		},
		"ground": {
			"translation": [0, 3, 0],
			"scale": [0.25, 0.25, 0.25]
		},
		"gui": {
			"rotation": [30, 225, 0],
			"scale": [0.625, 0.625, 0.625]
		},
		"fixed": {
			"scale": [0.5, 0.5, 0.5]
		}
	}
}