{
  "textures": {
    "0": "growthcraft_apples:blocks/apple_stage0",
    "particle": "items/apple"
  },
  "elements": [
    {
      "name": "apple_stem",
      "from": [ 7.0, 13.0, 7.0 ],
      "to": [ 9.0, 16.0, 9.0 ],
      "faces": {
        "north": { "texture": "#0", "uv": [ 13.0, 0.0, 15.0, 3.0 ] },
        "east": { "texture": "#0", "uv": [ 13.0, 0.0, 15.0, 3.00 ] },
        "south": { "texture": "#0", "uv": [ 13.0, 0.0, 15.0, 3.0 ] },
        "west": { "texture": "#0", "uv": [ 13.0, 0.0, 15.0, 3.0 ] },
        "up": { "texture": "#0", "uv": [ 14.0, 0.0, 15.0, 2.0 ] },
        "down": { "texture": "#0", "uv": [ 14.0, 0.0, 15.0, 2.0 ]}
      }
    },
    {
      "name": "apple_fruit",
      "from": [ 6.0, 10.0, 6.0 ],
      "to": [ 10.0, 14.0, 10.0 ],
      "faces": {
        "north": { "texture": "#0", "uv": [ 0.0, 0.0, 4.0, 4.0 ] },
        "east": { "texture": "#0", "uv": [ 0.0, 0.0, 4.0, 4.0 ] },
        "south": { "texture": "#0", "uv": [ 0.0, 0.0, 4.0, 4.0 ] },
        "west": { "texture": "#0", "uv": [ 0.0, 0.0, 4.0, 4.0 ] },
        "up": { "texture": "#0", "uv": [ 6.0, 0.0, 9.0, 4.0 ] },
        "down": { "texture": "#0", "uv": [ 0.0, 6.0, 4.0, 9.0 ]  }
      }
    }
  ]
}