{
	"credit": "Made with Blockbench, a free, modern block model editor by JannisX11. Model by Kisutora.",
	"textures": {
		"0": "growthcraft_bamboo:blocks/bamboo_fence",
		"1": "growthcraft_bamboo:blocks/bamboo_fence_top",
		"particle": "growthcraft_bamboo:blocks/bamboo_fence"
	},
	"elements": [
		{
			"name": "fence",
			"from": [6, 0, 6],
			"to": [10, 16, 10],
			"faces": {
				"north": {"uv": [6, 0, 10, 16], "texture": "#0"},
				"east": {"uv": [6, 0, 10, 16], "texture": "#0"},
				"south": {"uv": [6, 0, 10, 16], "texture": "#0"},
				"west": {"uv": [6, 0, 10, 16], "texture": "#0"},
				"up": {"uv": [0, 0, 4, 4], "texture": "#1"},
				"down": {"uv": [0, 0, 4, 4], "texture": "#1"}
			}
		}
	],
	"display": {
		"gui": {
			"rotation": [30, 225, 0],
			"translation": [0, 0, 0],
			"scale": [0.625, 0.625, 0.625]
		},
		"ground": {
			"rotation": [0, 0, 0],
			"translation": [0, 3, 0],
			"scale": [0.25, 0.25, 0.25]
		},
		"fixed": {
			"rotation": [0, 0, 0],
			"translation": [0, 0, 0],
			"scale": [0.5, 0.5, 0.5]
		},
		"thirdperson_righthand": {
			"rotation": [75, 45, 0],
			"translation": [0, 2.5, 0],
			"scale": [0.375, 0.375, 0.375]
		},
		"firstperson_righthand": {
			"rotation": [0, 45, 0],
			"translation": [0, 0, 0],
			"scale": [0.4, 0.4, 0.4]
		},
		"firstperson_lefthand": {
			"rotation": [0, 225, 0],
			"translation": [0, 0, 0],
			"scale": [0.4, 0.4, 0.4]
		}
	}
}