{
  "parent": "block/block",
  "display": {
    "gui": {
      "rotation": [ 30, 135, 0 ],
      "translation": [ 0, 0, 0],
      "scale":[ 0.625, 0.625, 0.625 ]
    },
    "fixed": {
      "rotation": [ 0, 90, 0 ],
      "translation": [ 0, 0, 0],
      "scale":[ 0.5, 0.5, 0.5 ]
    }
  },
  "ambientocclusion": false,
  "textures": {
    "0": "growthcraft:blocks/rope_knot",
    "1": "blocks/planks_big_oak",
    "particle": "growthcraft:blocks/rope_knot"
  },
  "elements": [
    {
      "name": "fence_post",
      "from": [ 6.0, 0.0, 6.0 ],
      "to":   [ 10.0, 16.0, 10.0 ],
      "faces": {
        "north": { "texture": "#1", "uv": [ 0.0, 0.0, 4.0, 16.0 ] },
        "east": { "texture": "#1", "uv": [ 0.0, 0.0, 4.0, 16.0 ] },
        "south": { "texture": "#1", "uv": [ 0.0, 0.0, 4.0, 16.0 ] },
        "west": { "texture": "#1", "uv": [ 0.0, 0.0, 4.0, 16.0 ] },
        "up": { "texture": "#1", "uv": [ 0.0, 0.0, 4.0, 4.0 ] },
        "down": { "texture": "#1", "uv": [ 0.0, 0.0, 4.0, 4.0 ] }
      }
    },
    {
      "name": "South",
      "from": [ 5.0, 6.0, 10.0 ],
      "to": [ 11.0, 14.0, 11.0 ],
      "faces": {
        "north": { "texture": "#0", "uv": [ 0.0, 0.0, 6.0, 8.0 ] },
        "east": { "texture": "#0", "uv": [ 0.0, 0.0, 1.0, 8.0 ] },
        "south": { "texture": "#0", "uv": [ 0.0, 0.0, 6.0, 8.0 ] },
        "west": { "texture": "#0", "uv": [ 0.0, 0.0, 1.0, 8.0 ] },
        "up": { "texture": "#0", "uv": [ 0.0, 0.0, 6.0, 1.0 ] },
        "down": { "texture": "#0", "uv": [ 0.0, 0.0, 6.0, 1.0 ] }
      }
    },
    {
      "name": "North",
      "from": [ 5.0, 6.0, 5.0 ],
      "to": [ 11.0, 14.0, 6.0 ],
      "faces": {
        "north": { "texture": "#0", "uv": [ 0.0, 0.0, 6.0, 8.0 ] },
        "east": { "texture": "#0", "uv": [ 0.0, 0.0, 1.0, 8.0 ] },
        "south": { "texture": "#0", "uv": [ 0.0, 0.0, 6.0, 8.0 ] },
        "west": { "texture": "#0", "uv": [ 0.0, 0.0, 1.0, 8.0 ] },
        "up": { "texture": "#0", "uv": [ 0.0, 0.0, 6.0, 1.0 ] },
        "down": { "texture": "#0", "uv": [ 0.0, 0.0, 6.0, 1.0 ] }
      }
    },
    {
      "name": "West",
      "from": [ 5.0, 6.0, 6.0 ],
      "to": [ 6.0, 14.0, 10.0 ],
      "faces": {
        "north": { "texture": "#0", "uv": [ 0.0, 0.0, 1.0, 8.0 ] },
        "east": { "texture": "#0", "uv": [ 0.0, 0.0, 6.0, 8.0 ] },
        "south": { "texture": "#0", "uv": [ 0.0, 0.0, 1.0, 8.0 ] },
        "west": { "texture": "#0", "uv": [ 0.0, 0.0, 6.0, 8.0 ] },
        "up": { "texture": "#0", "uv": [ 0.0, 0.0, 1.0, 6.0 ] },
        "down": { "texture": "#0", "uv": [ 0.0, 0.0, 1.0, 6.0 ] }
      }
    },
    {
      "name": "East",
      "from": [ 10.0, 6.0, 6.0 ],
      "to": [ 11.0, 14.0, 10.0 ],
      "faces": {
        "north": { "texture": "#0", "uv": [ 0.0, 0.0, 1.0, 8.0 ] },
        "east": { "texture": "#0", "uv": [ 0.0, 0.0, 6.0, 8.0 ] },
        "south": { "texture": "#0", "uv": [ 0.0, 0.0, 1.0, 8.0 ] },
        "west": { "texture": "#0", "uv": [ 0.0, 0.0, 6.0, 8.0 ] },
        "up": { "texture": "#0", "uv": [ 0.0, 0.0, 1.0, 6.0 ] },
        "down": { "texture": "#0", "uv": [ 0.0, 0.0, 1.0, 6.0 ] }
      }
    }
  ]
}