{
  "_comment": [ "Convert a bucket of honey into four bottles of honey." ],
  "type": "growthcraft_bees:shapeless_recipe_with_bucket",
  "ingredients": [
    {
      "type": "minecraft:item_nbt",
      "item": "forge:bucketFilled",
      "nbt": {
        "FluidName": "fluid_honey",
        "Amount": 1000
      }
    },
    {
      "item": "minecraft:glass_bottle"
    },
    {
      "item": "minecraft:glass_bottle"
    },
    {
      "item": "minecraft:glass_bottle"
    },
    {
      "item": "minecraft:glass_bottle"
    }

  ],
  "result": {
    "item": "growthcraft_bees:bottlefluid_honey",
    "count": 4
  }

}